app.freerouting.autoroute.AutorouteControl	trace_costs	traceCosts
app.freerouting.autoroute.AutorouteControl	with_neckdown	withNeckdown
app.freerouting.autoroute.AutorouteControl	layer_active	layerActive
app.freerouting.autoroute.AutorouteControl	layer_count	layerCount
app.freerouting.autoroute.AutorouteControl	trace_half_width	traceHalfWidth
app.freerouting.autoroute.AutorouteControl	compensated_trace_half_width	compensatedTraceHalfWidth
app.freerouting.autoroute.AutorouteControl	via_radius_arr	viaRadiusArr
app.freerouting.autoroute.AutorouteControl	add_via_costs	addViaCosts
app.freerouting.autoroute.AutorouteControl	trace_clearance_class_no	traceClearanceClassNo
app.freerouting.autoroute.AutorouteControl	vias_allowed	viasAllowed
app.freerouting.autoroute.AutorouteControl	attach_smd_allowed	attachSmdAllowed
app.freerouting.autoroute.AutorouteControl	min_normal_via_cost	minNormalViaCost
app.freerouting.autoroute.AutorouteControl	ripup_allowed	ripupAllowed
app.freerouting.autoroute.AutorouteControl	ripup_costs	ripupCosts
app.freerouting.autoroute.AutorouteControl	ripup_pass_no	ripupPassNo
app.freerouting.autoroute.AutorouteControl	is_fanout	isFanout
app.freerouting.autoroute.AutorouteControl	fanout_start_pin_name	fanoutStartPinName
app.freerouting.autoroute.AutorouteControl	fanout_start_pin_center	fanoutStartPinCenter
app.freerouting.autoroute.AutorouteControl	fanout_start_pin_layer	fanoutStartPinLayer
app.freerouting.autoroute.AutorouteControl	remove_unconnected_vias	removeUnconnectedVias
app.freerouting.autoroute.AutorouteControl	net_no	netNo
app.freerouting.autoroute.AutorouteControl	via_clearance_class	viaClearanceClass
app.freerouting.autoroute.AutorouteControl	via_rule	viaRule
app.freerouting.autoroute.AutorouteControl	via_info_arr	viaInfoArr
app.freerouting.autoroute.AutorouteControl	via_lower_bound	viaLowerBound
app.freerouting.autoroute.AutorouteControl	via_upper_bound	viaUpperBound
app.freerouting.autoroute.AutorouteControl	max_via_radius	maxViaRadius
app.freerouting.autoroute.AutorouteControl	tidy_region_width	tidyRegionWidth
app.freerouting.autoroute.AutorouteControl	pull_tight_accuracy	pullTightAccuracy
app.freerouting.autoroute.AutorouteControl	max_shove_trace_recursion_depth	maxShoveTraceRecursionDepth
app.freerouting.autoroute.AutorouteControl	max_shove_via_recursion_depth	maxShoveViaRecursionDepth
app.freerouting.autoroute.AutorouteControl	max_spring_over_recursion_depth	maxSpringOverRecursionDepth
app.freerouting.autoroute.AutorouteControl	min_cheap_via_cost	minCheapViaCost
app.freerouting.autoroute.AutorouteControl	curr_net	currNet
app.freerouting.autoroute.AutorouteControl	curr_net_class	currNetClass
app.freerouting.autoroute.AutorouteControl	curr_via	currVia
app.freerouting.autoroute.AutorouteControl	curr_via_padstack	currViaPadstack
app.freerouting.autoroute.AutorouteControl	from_layer	fromLayer
app.freerouting.autoroute.AutorouteControl	to_layer	toLayer
app.freerouting.autoroute.AutorouteControl	curr_shape	currShape
app.freerouting.autoroute.AutorouteControl	curr_radius	currRadius
app.freerouting.autoroute.AutorouteControl	pure_smd_net	pureSmdNet
app.freerouting.autoroute.AutorouteControl	via_cost_factor	viaCostFactor
app.freerouting.autoroute.AutorouteControl	net_items	netItems
app.freerouting.autoroute.AutorouteEngine	autoroute_search_tree	autorouteSearchTree
app.freerouting.autoroute.AutorouteEngine	maintain_database	maintainDatabase
app.freerouting.autoroute.AutorouteEngine	drill_page_array	drillPageArray
app.freerouting.autoroute.AutorouteEngine	stoppable_thread	stoppableThread
app.freerouting.autoroute.AutorouteEngine	net_no	netNo
app.freerouting.autoroute.AutorouteEngine	time_limit	timeLimit
app.freerouting.autoroute.AutorouteEngine	incomplete_expansion_rooms	incompleteExpansionRooms
app.freerouting.autoroute.AutorouteEngine	complete_expansion_rooms	completeExpansionRooms
app.freerouting.autoroute.AutorouteEngine	expansion_room_instance_count	expansionRoomInstanceCount
app.freerouting.autoroute.AutorouteEngine	max_drill_page_width	maxDrillPageWidth
app.freerouting.autoroute.AutorouteEngine	rooms_to_remove	roomsToRemove
app.freerouting.autoroute.AutorouteEngine	item_list	itemList
app.freerouting.autoroute.AutorouteEngine	maze_search_algo	mazeSearchAlgo
app.freerouting.autoroute.AutorouteEngine	search_result	searchResult
app.freerouting.autoroute.AutorouteEngine	autoroute_result	autorouteResult
app.freerouting.autoroute.AutorouteEngine	ripped_connections	rippedConnections
app.freerouting.autoroute.AutorouteEngine	changed_nets	changedNets
app.freerouting.autoroute.AutorouteEngine	stop_connection_option	stopConnectionOption
app.freerouting.autoroute.AutorouteEngine	observers_activated	observersActivated
app.freerouting.autoroute.AutorouteEngine	insert_found_connection_algo	insertFoundConnectionAlgo
app.freerouting.autoroute.AutorouteEngine	autoroute_info	autorouteInfo
app.freerouting.autoroute.AutorouteEngine	new_room	newRoom
app.freerouting.autoroute.AutorouteEngine	room_shape	roomShape
app.freerouting.autoroute.AutorouteEngine	room_layer	roomLayer
app.freerouting.autoroute.AutorouteEngine	room_doors	roomDoors
app.freerouting.autoroute.AutorouteEngine	curr_neighbour	currNeighbour
app.freerouting.autoroute.AutorouteEngine	neighbour_shape	neighbourShape
app.freerouting.autoroute.AutorouteEngine	touching_sides	touchingSides
app.freerouting.autoroute.AutorouteEngine	line_arr	lineArr
app.freerouting.autoroute.AutorouteEngine	new_incomplete_room_shape	newIncompleteRoomShape
app.freerouting.autoroute.AutorouteEngine	new_incomplete_room	newIncompleteRoom
app.freerouting.autoroute.AutorouteEngine	new_door	newDoor
app.freerouting.autoroute.AutorouteEngine	from_door_shape	fromDoorShape
app.freerouting.autoroute.AutorouteEngine	ignore_object	ignoreObject
app.freerouting.autoroute.AutorouteEngine	other_room	otherRoom
app.freerouting.autoroute.AutorouteEngine	completed_shapes	completedShapes
app.freerouting.autoroute.AutorouteEngine	is_first_completed_room	isFirstCompletedRoom
app.freerouting.autoroute.AutorouteEngine	completed_room	completedRoom
app.freerouting.autoroute.AutorouteEngine	curr_completed_shapes	currCompletedShapes
app.freerouting.autoroute.AutorouteEngine	curr_door	currDoor
app.freerouting.autoroute.AutorouteEngine	neighbour_room	neighbourRoom
app.freerouting.autoroute.AutorouteEngine	target_door_list	targetDoorList
app.freerouting.autoroute.AutorouteEngine	curr_target_item	currTargetItem
app.freerouting.autoroute.AutorouteEngine	curr_autoroute_info	currAutorouteInfo
app.freerouting.autoroute.BatchAutorouter	remove_unconnected_vias	removeUnconnectedVias
app.freerouting.autoroute.BatchAutorouter	trace_cost_arr	traceCostArr
app.freerouting.autoroute.BatchAutorouter	retain_autoroute_database	retainAutorouteDatabase
app.freerouting.autoroute.BatchAutorouter	start_ripup_costs	startRipupCosts
app.freerouting.autoroute.BatchAutorouter	trace_pull_tight_accuracy	tracePullTightAccuracy
app.freerouting.autoroute.BatchAutorouter	reusable_autoroute_item_list	reusableAutorouteItemList
app.freerouting.autoroute.BatchAutorouter	reusable_handled_items	reusableHandledItems
app.freerouting.autoroute.BatchAutorouter	air_line	airLine
app.freerouting.autoroute.BatchAutorouter	curr_min_cost	currMinCost
app.freerouting.autoroute.BatchAutorouter	updated_routing_board	updatedRoutingBoard
app.freerouting.autoroute.BatchAutorouter	router_instance	routerInstance
app.freerouting.autoroute.BatchAutorouter	still_unrouted_items	stillUnroutedItems
app.freerouting.autoroute.BatchAutorouter	curr_pass_no	currPassNo
app.freerouting.autoroute.BatchAutorouter	autoroute_item_list	autorouteItemList
app.freerouting.autoroute.BatchAutorouter	handled_items	handledItems
app.freerouting.autoroute.BatchAutorouter	curr_ob	currOb
app.freerouting.autoroute.BatchAutorouter	curr_net_no	currNetNo
app.freerouting.autoroute.BatchAutorouter	connected_set	connectedSet
app.freerouting.autoroute.BatchAutorouter	net_item_count	netItemCount
app.freerouting.autoroute.BatchAutorouter	items_to_go_count	itemsToGoCount
app.freerouting.autoroute.BatchAutorouter	ripped_item_count	rippedItemCount
app.freerouting.autoroute.BatchAutorouter	not_routed	notRouted
app.freerouting.autoroute.BatchAutorouter	ripped_item_list	rippedItemList
app.freerouting.autoroute.BatchAutorouter	autorouter_pass_duration	autorouterPassDuration
app.freerouting.autoroute.BatchAutorouter	contains_plane	containsPlane
app.freerouting.autoroute.BatchAutorouter	route_net	routeNet
app.freerouting.autoroute.BatchAutorouter	curr_via_costs	currViaCosts
app.freerouting.autoroute.BatchAutorouter	autoroute_control	autorouteControl
app.freerouting.autoroute.BatchAutorouter	unconnected_set	unconnectedSet
app.freerouting.autoroute.BatchAutorouter	route_start_set	routeStartSet
app.freerouting.autoroute.BatchAutorouter	route_dest_set	routeDestSet
app.freerouting.autoroute.BatchAutorouter	max_milliseconds	maxMilliseconds
app.freerouting.autoroute.BatchAutorouter	time_limit	timeLimit
app.freerouting.autoroute.BatchAutorouter	autoroute_engine	autorouteEngine
app.freerouting.autoroute.BatchAutorouter	autoroute_result	autorouteResult
app.freerouting.autoroute.BatchAutorouter	necked_result	neckedResult
app.freerouting.autoroute.BatchAutorouter	strict_result	strictResult
app.freerouting.autoroute.BatchAutorouter	neck_width	neckWidth
app.freerouting.autoroute.BatchAutorouter	neck_half_width	neckHalfWidth
app.freerouting.autoroute.BatchAutorouter	narrower_somewhere	narrowerSomewhere
app.freerouting.autoroute.BatchAutorouter	neck_control	neckControl
app.freerouting.autoroute.BatchAutorouter	neck_engine	neckEngine
app.freerouting.autoroute.BatchAutorouter	neck_result	neckResult
app.freerouting.autoroute.BatchAutorouter	new_items	newItems
app.freerouting.autoroute.BatchAutorouter	has_violation	hasViolation
app.freerouting.autoroute.BatchAutorouter	from_corner	fromCorner
app.freerouting.autoroute.BatchAutorouter	to_corner	toCorner
app.freerouting.autoroute.BatchAutorouter	min_distance	minDistance
app.freerouting.autoroute.BatchAutorouter	curr_from_corner	currFromCorner
app.freerouting.autoroute.BatchAutorouter	curr_to_corner	currToCorner
app.freerouting.autoroute.BatchAutorouter	curr_distance	currDistance
app.freerouting.autoroute.BatchAutorouter	nearest_point	nearestPoint
app.freerouting.autoroute.BatchAutorouter	first_corner	firstCorner
app.freerouting.autoroute.BatchAutorouter	last_corner	lastCorner
app.freerouting.autoroute.BatchAutorouter	distance_to_first	distanceToFirst
app.freerouting.autoroute.BatchAutorouter	distance_to_last	distanceToLast
app.freerouting.autoroute.BatchAutorouter	segment_start	segmentStart
app.freerouting.autoroute.BatchAutorouter	segment_end	segmentEnd
app.freerouting.autoroute.BatchAutorouter	first_trace_start	firstTraceStart
app.freerouting.autoroute.BatchAutorouter	first_trace_end	firstTraceEnd
app.freerouting.autoroute.BatchAutorouter	second_trace_start	secondTraceStart
app.freerouting.autoroute.BatchAutorouter	second_trace_end	secondTraceEnd
app.freerouting.autoroute.BatchAutorouter	first_segment_start	firstSegmentStart
app.freerouting.autoroute.BatchAutorouter	first_segment_end	firstSegmentEnd
app.freerouting.autoroute.BatchAutorouter	first_segment	firstSegment
app.freerouting.autoroute.BatchAutorouter	second_segment_start	secondSegmentStart
app.freerouting.autoroute.BatchAutorouter	second_segment_end	secondSegmentEnd
app.freerouting.autoroute.BatchAutorouter	second_segment	secondSegment
app.freerouting.autoroute.BatchAutorouter	point_on_first	pointOnFirst
app.freerouting.autoroute.BatchAutorouter	point_on_second	pointOnSecond
app.freerouting.autoroute.BatchAutorouter	dist_to_start	distToStart
app.freerouting.autoroute.BatchAutorouter	dist_to_end	distToEnd
app.freerouting.autoroute.BatchAutorouter	net_no	netNo
app.freerouting.autoroute.BatchAutorouter	from_point	fromPoint
app.freerouting.autoroute.BatchAutorouter	to_point	toPoint
app.freerouting.autoroute.BatchAutorouterThread	remove_unconnected_vias	removeUnconnectedVias
app.freerouting.autoroute.BatchAutorouterThread	trace_cost_arr	traceCostArr
app.freerouting.autoroute.BatchAutorouterThread	retain_autoroute_database	retainAutorouteDatabase
app.freerouting.autoroute.BatchAutorouterThread	start_ripup_costs	startRipupCosts
app.freerouting.autoroute.BatchAutorouterThread	trace_pull_tight_accuracy	tracePullTightAccuracy
app.freerouting.autoroute.BatchAutorouterThread	latest_air_line	latestAirLine
app.freerouting.autoroute.BatchAutorouterThread	curr_min_cost	currMinCost
app.freerouting.autoroute.BatchAutorouterThread	from_corner	fromCorner
app.freerouting.autoroute.BatchAutorouterThread	to_corner	toCorner
app.freerouting.autoroute.BatchAutorouterThread	min_distance	minDistance
app.freerouting.autoroute.BatchAutorouterThread	curr_from_corner	currFromCorner
app.freerouting.autoroute.BatchAutorouterThread	curr_to_corner	currToCorner
app.freerouting.autoroute.BatchAutorouterThread	curr_distance	currDistance
app.freerouting.autoroute.BatchAutorouterThread	closest_points	closestPoints
app.freerouting.autoroute.BatchAutorouterThread	nearest_point	nearestPoint
app.freerouting.autoroute.BatchAutorouterThread	first_corner	firstCorner
app.freerouting.autoroute.BatchAutorouterThread	last_corner	lastCorner
app.freerouting.autoroute.BatchAutorouterThread	distance_to_first	distanceToFirst
app.freerouting.autoroute.BatchAutorouterThread	distance_to_last	distanceToLast
app.freerouting.autoroute.BatchAutorouterThread	segment_start	segmentStart
app.freerouting.autoroute.BatchAutorouterThread	segment_end	segmentEnd
app.freerouting.autoroute.BatchAutorouterThread	first_trace_start	firstTraceStart
app.freerouting.autoroute.BatchAutorouterThread	first_trace_end	firstTraceEnd
app.freerouting.autoroute.BatchAutorouterThread	second_trace_start	secondTraceStart
app.freerouting.autoroute.BatchAutorouterThread	second_trace_end	secondTraceEnd
app.freerouting.autoroute.BatchAutorouterThread	first_segment_start	firstSegmentStart
app.freerouting.autoroute.BatchAutorouterThread	first_segment_end	firstSegmentEnd
app.freerouting.autoroute.BatchAutorouterThread	first_segment	firstSegment
app.freerouting.autoroute.BatchAutorouterThread	second_segment_start	secondSegmentStart
app.freerouting.autoroute.BatchAutorouterThread	second_segment_end	secondSegmentEnd
app.freerouting.autoroute.BatchAutorouterThread	second_segment	secondSegment
app.freerouting.autoroute.BatchAutorouterThread	point_on_first	pointOnFirst
app.freerouting.autoroute.BatchAutorouterThread	point_on_second	pointOnSecond
app.freerouting.autoroute.BatchAutorouterThread	dist_to_start	distToStart
app.freerouting.autoroute.BatchAutorouterThread	dist_to_end	distToEnd
app.freerouting.autoroute.BatchAutorouterThread	items_to_go_count	itemsToGoCount
app.freerouting.autoroute.BatchAutorouterThread	ripped_item_count	rippedItemCount
app.freerouting.autoroute.BatchAutorouterThread	not_routed	notRouted
app.freerouting.autoroute.BatchAutorouterThread	ripped_item_list	rippedItemList
app.freerouting.autoroute.BatchAutorouterThread	contains_plane	containsPlane
app.freerouting.autoroute.BatchAutorouterThread	route_net	routeNet
app.freerouting.autoroute.BatchAutorouterThread	curr_via_costs	currViaCosts
app.freerouting.autoroute.BatchAutorouterThread	autoroute_control	autorouteControl
app.freerouting.autoroute.BatchAutorouterThread	unconnected_set	unconnectedSet
app.freerouting.autoroute.BatchAutorouterThread	connected_set	connectedSet
app.freerouting.autoroute.BatchAutorouterThread	route_start_set	routeStartSet
app.freerouting.autoroute.BatchAutorouterThread	route_dest_set	routeDestSet
app.freerouting.autoroute.BatchAutorouterThread	max_milliseconds	maxMilliseconds
app.freerouting.autoroute.BatchAutorouterThread	time_limit	timeLimit
app.freerouting.autoroute.BatchAutorouterThread	autoroute_engine	autorouteEngine
app.freerouting.autoroute.BatchAutorouterThread	autoroute_result	autorouteResult
app.freerouting.autoroute.BatchAutorouterThread	tails_removed	tailsRemoved
app.freerouting.autoroute.BatchFanout	routing_board	routingBoard
app.freerouting.autoroute.BatchFanout	sorted_components	sortedComponents
app.freerouting.autoroute.BatchFanout	board_smd_pin_list	boardSmdPinList
app.freerouting.autoroute.BatchFanout	board_smd_pin_list_with_nets	boardSmdPinListWithNets
app.freerouting.autoroute.BatchFanout	curr_board_component	currBoardComponent
app.freerouting.autoroute.BatchFanout	curr_component	currComponent
app.freerouting.autoroute.BatchFanout	fanout_instance	fanoutInstance
app.freerouting.autoroute.BatchFanout	STAGNATION_PASS_LIMIT	stagnationPASSLIMIT
app.freerouting.autoroute.BatchFanout	routed_count	routedCount
app.freerouting.autoroute.BatchFanout	not_routed_count	notRoutedCount
app.freerouting.autoroute.BatchFanout	insert_error_count	insertErrorCount
app.freerouting.autoroute.BatchFanout	already_connected_count	alreadyConnectedCount
app.freerouting.autoroute.BatchFanout	ripup_costs	ripupCosts
app.freerouting.autoroute.BatchFanout	max_milliseconds	maxMilliseconds
app.freerouting.autoroute.BatchFanout	time_limit	timeLimit
app.freerouting.autoroute.BatchFanout	curr_result	currResult
app.freerouting.autoroute.BatchFanout	board_component	boardComponent
app.freerouting.autoroute.BatchFanout	smd_pin_count	smdPinCount
app.freerouting.autoroute.BatchFanout	smd_pins	smdPins
app.freerouting.autoroute.BatchFanout	gravity_center_of_smd_pins	gravityCenterOfSmdPins
app.freerouting.autoroute.BatchFanout	curr_pin_list	currPinList
app.freerouting.autoroute.BatchFanout	cmp_no	cmpNo
app.freerouting.autoroute.BatchFanout	curr_point	currPoint
app.freerouting.autoroute.BatchFanout	compare_value	compareValue
app.freerouting.autoroute.BatchFanout	board_pin	boardPin
app.freerouting.autoroute.BatchFanout	distance_to_component_center	distanceToComponentCenter
app.freerouting.autoroute.BatchFanout	distance_to_closest_on_net	distanceToClosestOnNet
app.freerouting.autoroute.BatchFanout	surroundings_density	surroundingsDensity
app.freerouting.autoroute.BatchFanout	pin_location	pinLocation
app.freerouting.autoroute.BatchFanout	delta_dist	deltaDist
app.freerouting.autoroute.BatchOptimizer	sorted_route_items	sortedRouteItems
app.freerouting.autoroute.BatchOptimizer	use_increased_ripup_costs	useIncreasedRipupCosts
app.freerouting.autoroute.BatchOptimizer	min_cumulative_trace_length	minCumulativeTraceLength
app.freerouting.autoroute.BatchOptimizer	with_preferred_directions	withPreferredDirections
app.freerouting.autoroute.BatchOptimizer	route_improved	routeImproved
app.freerouting.autoroute.BatchOptimizer	curr_item	currItem
app.freerouting.autoroute.BatchOptimizer	routeoptimizer_pass_duration	routeoptimizerPassDuration
app.freerouting.autoroute.BatchOptimizer	ripped_items	rippedItems
app.freerouting.autoroute.BatchOptimizer	curr_contact_list	currContactList
app.freerouting.autoroute.BatchOptimizer	ripped_connections	rippedConnections
app.freerouting.autoroute.BatchOptimizer	ripup_costs	ripupCosts
app.freerouting.autoroute.BatchOptimizer	min_item_coor	minItemCoor
app.freerouting.autoroute.BatchOptimizer	min_item_layer	minItemLayer
app.freerouting.autoroute.BatchOptimizer	curr_min_coor	currMinCoor
app.freerouting.autoroute.BatchOptimizer	curr_min_layer	currMinLayer
app.freerouting.autoroute.BatchOptimizer	curr_via_center	currViaCenter
app.freerouting.autoroute.BatchOptimizer	curr_via_min_layer	currViaMinLayer
app.freerouting.autoroute.BatchOptimizer	first_corner	firstCorner
app.freerouting.autoroute.BatchOptimizer	last_corner	lastCorner
app.freerouting.autoroute.BatchOptimizer	compare_corner	compareCorner
app.freerouting.autoroute.BatchOptimizer	curr_trace_layer	currTraceLayer
app.freerouting.autoroute.BatchOptimizer	is_connected_to_via	isConnectedToVia
app.freerouting.autoroute.BatchOptimizer	trace_contacts	traceContacts
app.freerouting.autoroute.BatchOptimizerMultiThreaded	board_update_strategy	boardUpdateStrategy
app.freerouting.autoroute.BatchOptimizerMultiThreaded	item_selection_strategy	itemSelectionStrategy
app.freerouting.autoroute.BatchOptimizerMultiThreaded	thread_pool_size	threadPoolSize
app.freerouting.autoroute.BatchOptimizerMultiThreaded	item_ids	itemIds
app.freerouting.autoroute.BatchOptimizerMultiThreaded	hybrid_list	hybridList
app.freerouting.autoroute.BatchOptimizerMultiThreaded	best_route_result	bestRouteResult
app.freerouting.autoroute.BatchOptimizerMultiThreaded	winning_candidate	winningCandidate
app.freerouting.autoroute.BatchOptimizerMultiThreaded	num_tasks_finished	numTasksFinished
app.freerouting.autoroute.BatchOptimizerMultiThreaded	update_count	updateCount
app.freerouting.autoroute.BatchOptimizerMultiThreaded	task_completion_signal	taskCompletionSignal
app.freerouting.autoroute.BatchOptimizerMultiThreaded	hybrid_index	hybridIndex
app.freerouting.autoroute.BatchOptimizerMultiThreaded	num_optimal	numOptimal
app.freerouting.autoroute.BatchOptimizerMultiThreaded	num_prioritized	numPrioritized
app.freerouting.autoroute.BatchOptimizerMultiThreaded	new_item_ids	newItemIds
app.freerouting.autoroute.BatchOptimizerMultiThreaded	item_id	itemId
app.freerouting.autoroute.BatchOptimizerMultiThreaded	route_improved	routeImproved
app.freerouting.autoroute.CompleteFreeSpaceExpansionRoom	id_no	idNo
app.freerouting.autoroute.CompleteFreeSpaceExpansionRoom	tree_entries	treeEntries
app.freerouting.autoroute.CompleteFreeSpaceExpansionRoom	target_doors	targetDoors
app.freerouting.autoroute.CompleteFreeSpaceExpansionRoom	room_is_net_dependent	roomIsNetDependent
app.freerouting.autoroute.CompleteFreeSpaceExpansionRoom	curr_connection_shape	currConnectionShape
app.freerouting.autoroute.CompleteFreeSpaceExpansionRoom	curr_item	currItem
app.freerouting.autoroute.CompleteFreeSpaceExpansionRoom	new_target_door	newTargetDoor
app.freerouting.autoroute.CompleteFreeSpaceExpansionRoom	draw_color	drawColor
app.freerouting.autoroute.CompleteFreeSpaceExpansionRoom	layer_visibility	layerVisibility
app.freerouting.autoroute.CompleteFreeSpaceExpansionRoom	overlapping_objects	overlappingObjects
app.freerouting.autoroute.CompleteFreeSpaceExpansionRoom	net_no_arr	netNoArr
app.freerouting.autoroute.CompleteFreeSpaceExpansionRoom	curr_object	currObject
app.freerouting.autoroute.CompleteFreeSpaceExpansionRoom	curr_shape	currShape
app.freerouting.autoroute.Connection	start_point	startPoint
app.freerouting.autoroute.Connection	start_layer	startLayer
app.freerouting.autoroute.Connection	end_point	endPoint
app.freerouting.autoroute.Connection	end_layer	endLayer
app.freerouting.autoroute.Connection	item_list	itemList
app.freerouting.autoroute.Connection	precalculated_connection	precalculatedConnection
app.freerouting.autoroute.Connection	connection_items	connectionItems
app.freerouting.autoroute.Connection	prev_contact_point	prevContactPoint
app.freerouting.autoroute.Connection	prev_contact_layer	prevContactLayer
app.freerouting.autoroute.Connection	fork_found	forkFound
app.freerouting.autoroute.Connection	check_contacts	checkContacts
app.freerouting.autoroute.Connection	curr_item_contacts	currItemContacts
app.freerouting.autoroute.Connection	next_contact_point	nextContactPoint
app.freerouting.autoroute.Connection	next_contact_layer	nextContactLayer
app.freerouting.autoroute.Connection	next_contact	nextContact
app.freerouting.autoroute.Connection	tmp_contact_layer	tmpContactLayer
app.freerouting.autoroute.Connection	tmp_contact_point	tmpContactPoint
app.freerouting.autoroute.Connection	min_trace_length	minTraceLength
app.freerouting.autoroute.DestinationDistance	trace_costs	traceCosts
app.freerouting.autoroute.DestinationDistance	layer_active	layerActive
app.freerouting.autoroute.DestinationDistance	layer_count	layerCount
app.freerouting.autoroute.DestinationDistance	active_layer_count	activeLayerCount
app.freerouting.autoroute.DestinationDistance	min_cheap_via_cost	minCheapViaCost
app.freerouting.autoroute.DestinationDistance	min_component_side_trace_cost	minComponentSideTraceCost
app.freerouting.autoroute.DestinationDistance	max_component_side_trace_cost	maxComponentSideTraceCost
app.freerouting.autoroute.DestinationDistance	min_solder_side_trace_cost	minSolderSideTraceCost
app.freerouting.autoroute.DestinationDistance	max_solder_side_trace_cost	maxSolderSideTraceCost
app.freerouting.autoroute.DestinationDistance	max_inner_side_trace_cost	maxInnerSideTraceCost
app.freerouting.autoroute.DestinationDistance	min_component_inner_trace_cost	minComponentInnerTraceCost
app.freerouting.autoroute.DestinationDistance	min_solder_inner_trace_cost	minSolderInnerTraceCost
app.freerouting.autoroute.DestinationDistance	min_component_solder_inner_trace_cost	minComponentSolderInnerTraceCost
app.freerouting.autoroute.DestinationDistance	min_normal_via_cost	minNormalViaCost
app.freerouting.autoroute.DestinationDistance	component_side_box	componentSideBox
app.freerouting.autoroute.DestinationDistance	solder_side_box	solderSideBox
app.freerouting.autoroute.DestinationDistance	inner_side_box	innerSideBox
app.freerouting.autoroute.DestinationDistance	box_is_empty	boxIsEmpty
app.freerouting.autoroute.DestinationDistance	component_side_box_is_empty	componentSideBoxIsEmpty
app.freerouting.autoroute.DestinationDistance	solder_side_box_is_empty	solderSideBoxIsEmpty
app.freerouting.autoroute.DestinationDistance	inner_side_box_is_empty	innerSideBoxIsEmpty
app.freerouting.autoroute.DestinationDistance	curr_active_layer_count	currActiveLayerCount
app.freerouting.autoroute.DestinationDistance	curr_trace_cost	currTraceCost
app.freerouting.autoroute.DestinationDistance	curr_max_cost	currMaxCost
app.freerouting.autoroute.DestinationDistance	component_side_delta_x	componentSideDeltaX
app.freerouting.autoroute.DestinationDistance	component_side_delta_y	componentSideDeltaY
app.freerouting.autoroute.DestinationDistance	solder_side_delta_x	solderSideDeltaX
app.freerouting.autoroute.DestinationDistance	solder_side_delta_y	solderSideDeltaY
app.freerouting.autoroute.DestinationDistance	inner_side_delta_x	innerSideDeltaX
app.freerouting.autoroute.DestinationDistance	inner_side_delta_y	innerSideDeltaY
app.freerouting.autoroute.DestinationDistance	component_side_max_delta	componentSideMaxDelta
app.freerouting.autoroute.DestinationDistance	component_side_min_delta	componentSideMinDelta
app.freerouting.autoroute.DestinationDistance	solder_side_max_delta	solderSideMaxDelta
app.freerouting.autoroute.DestinationDistance	solder_side_min_delta	solderSideMinDelta
app.freerouting.autoroute.DestinationDistance	inner_side_max_delta	innerSideMaxDelta
app.freerouting.autoroute.DestinationDistance	inner_side_min_delta	innerSideMinDelta
app.freerouting.autoroute.DestinationDistance	tmp_distance	tmpDistance
app.freerouting.autoroute.DestinationDistance	min_normal_via_cost_save	minNormalViaCostSave
app.freerouting.autoroute.DrillPage	maze_search_info_arr	mazeSearchInfoArr
app.freerouting.autoroute.DrillPage	net_no	netNo
app.freerouting.autoroute.DrillPage	overlapping_items	overlappingItems
app.freerouting.autoroute.DrillPage	search_tree	searchTree
app.freerouting.autoroute.DrillPage	cutout_shapes	cutoutShapes
app.freerouting.autoroute.DrillPage	prev_obstacle_shape	prevObstacleShape
app.freerouting.autoroute.DrillPage	curr_obstacle_shape	currObstacleShape
app.freerouting.autoroute.DrillPage	curr_cutout_shape	currCutoutShape
app.freerouting.autoroute.DrillPage	shape_with_holes	shapeWithHoles
app.freerouting.autoroute.DrillPage	drill_shapes	drillShapes
app.freerouting.autoroute.DrillPage	drill_first_layer	drillFirstLayer
app.freerouting.autoroute.DrillPage	drill_last_layer	drillLastLayer
app.freerouting.autoroute.DrillPage	curr_drill_shape	currDrillShape
app.freerouting.autoroute.DrillPage	curr_drill_location	currDrillLocation
app.freerouting.autoroute.DrillPage	new_drill	newDrill
app.freerouting.autoroute.DrillPageArray	COLUMN_COUNT	columnCOUNT
app.freerouting.autoroute.DrillPageArray	ROW_COUNT	rowCOUNT
app.freerouting.autoroute.DrillPageArray	PAGE_WIDTH	pageWIDTH
app.freerouting.autoroute.DrillPageArray	PAGE_HEIGHT	pageHEIGHT
app.freerouting.autoroute.DrillPageArray	page_arr	pageArr
app.freerouting.autoroute.DrillPageArray	ll_x	llX
app.freerouting.autoroute.DrillPageArray	ur_x	urX
app.freerouting.autoroute.DrillPageArray	ll_y	llY
app.freerouting.autoroute.DrillPageArray	ur_y	urY
app.freerouting.autoroute.DrillPageArray	shape_box	shapeBox
app.freerouting.autoroute.DrillPageArray	min_j	minJ
app.freerouting.autoroute.DrillPageArray	max_j	maxJ
app.freerouting.autoroute.DrillPageArray	min_i	minI
app.freerouting.autoroute.DrillPageArray	max_i	maxI
app.freerouting.autoroute.DrillPageArray	curr_page	currPage
app.freerouting.autoroute.DrillPageArray	curr_row	currRow
app.freerouting.autoroute.ExpansionDoor	first_room	firstRoom
app.freerouting.autoroute.ExpansionDoor	second_room	secondRoom
app.freerouting.autoroute.ExpansionDoor	section_arr	sectionArr
app.freerouting.autoroute.ExpansionDoor	first_shape	firstShape
app.freerouting.autoroute.ExpansionDoor	second_shape	secondShape
app.freerouting.autoroute.ExpansionDoor	door_shape	doorShape
app.freerouting.autoroute.ExpansionDoor	door_line_segment	doorLineSegment
app.freerouting.autoroute.ExpansionDoor	shrinked_line_segment	shrinkedLineSegment
app.freerouting.autoroute.ExpansionDoor	gravity_point	gravityPoint
app.freerouting.autoroute.ExpansionDoor	c_max_door_section_width	cMaxDoorSectionWidth
app.freerouting.autoroute.ExpansionDoor	section_count	sectionCount
app.freerouting.autoroute.ExpansionDoor	first_room_shape	firstRoomShape
app.freerouting.autoroute.ExpansionDoor	second_room_shape	secondRoomShape
app.freerouting.autoroute.ExpansionDoor	first_corner	firstCorner
app.freerouting.autoroute.ExpansionDoor	second_corner	secondCorner
app.freerouting.autoroute.ExpansionDoor	corner_count	cornerCount
app.freerouting.autoroute.ExpansionDoor	curr_corner	currCorner
app.freerouting.autoroute.ExpansionDrill	first_layer	firstLayer
app.freerouting.autoroute.ExpansionDrill	last_layer	lastLayer
app.freerouting.autoroute.ExpansionDrill	room_arr	roomArr
app.freerouting.autoroute.ExpansionDrill	maze_search_info_arr	mazeSearchInfoArr
app.freerouting.autoroute.ExpansionDrill	layer_count	layerCount
app.freerouting.autoroute.ExpansionDrill	search_shape	searchShape
app.freerouting.autoroute.ExpansionDrill	found_room	foundRoom
app.freerouting.autoroute.ExpansionDrill	curr_ob	currOb
app.freerouting.autoroute.ExpansionDrill	new_incomplete_room	newIncompleteRoom
app.freerouting.autoroute.ExpansionDrill	new_rooms	newRooms
app.freerouting.autoroute.ExpansionDrill	draw_color	drawColor
app.freerouting.autoroute.IncompleteFreeSpaceExpansionRoom	contained_shape	containedShape
app.freerouting.autoroute.InsertFoundConnectionAlgo	last_corner	lastCorner
app.freerouting.autoroute.InsertFoundConnectionAlgo	first_corner	firstCorner
app.freerouting.autoroute.InsertFoundConnectionAlgo	curr_layer	currLayer
app.freerouting.autoroute.InsertFoundConnectionAlgo	new_instance	newInstance
app.freerouting.autoroute.InsertFoundConnectionAlgo	saved_edge_to_turn_dist	savedEdgeToTurnDist
app.freerouting.autoroute.InsertFoundConnectionAlgo	start_pin	startPin
app.freerouting.autoroute.InsertFoundConnectionAlgo	end_pin	endPin
app.freerouting.autoroute.InsertFoundConnectionAlgo	item_filter	itemFilter
app.freerouting.autoroute.InsertFoundConnectionAlgo	curr_end_corner	currEndCorner
app.freerouting.autoroute.InsertFoundConnectionAlgo	picked_items	pickedItems
app.freerouting.autoroute.InsertFoundConnectionAlgo	curr_pin	currPin
app.freerouting.autoroute.InsertFoundConnectionAlgo	net_no_arr	netNoArr
app.freerouting.autoroute.InsertFoundConnectionAlgo	from_corner_no	fromCornerNo
app.freerouting.autoroute.InsertFoundConnectionAlgo	curr_corner_arr	currCornerArr
app.freerouting.autoroute.InsertFoundConnectionAlgo	insert_polyline	insertPolyline
app.freerouting.autoroute.InsertFoundConnectionAlgo	ok_point	okPoint
app.freerouting.autoroute.InsertFoundConnectionAlgo	neckdown_inserted	neckdownInserted
app.freerouting.autoroute.InsertFoundConnectionAlgo	micro_neckdown_inserted	microNeckdownInserted
app.freerouting.autoroute.InsertFoundConnectionAlgo	trace_stub	traceStub
app.freerouting.autoroute.InsertFoundConnectionAlgo	from_point	fromPoint
app.freerouting.autoroute.InsertFoundConnectionAlgo	base_half_width	baseHalfWidth
app.freerouting.autoroute.InsertFoundConnectionAlgo	candidate_half_widths	candidateHalfWidths
app.freerouting.autoroute.InsertFoundConnectionAlgo	candidate_ok_point	candidateOkPoint
app.freerouting.autoroute.InsertFoundConnectionAlgo	pin_center	pinCenter
app.freerouting.autoroute.InsertFoundConnectionAlgo	curr_clearance	currClearance
app.freerouting.autoroute.InsertFoundConnectionAlgo	pin_neck_down_distance	pinNeckDownDistance
app.freerouting.autoroute.InsertFoundConnectionAlgo	neck_down_halfwidth	neckDownHalfwidth
app.freerouting.autoroute.InsertFoundConnectionAlgo	float_from_corner	floatFromCorner
app.freerouting.autoroute.InsertFoundConnectionAlgo	float_to_corner	floatToCorner
app.freerouting.autoroute.InsertFoundConnectionAlgo	ok_length	okLength
app.freerouting.autoroute.InsertFoundConnectionAlgo	neck_down_end_point	neckDownEndPoint
app.freerouting.autoroute.InsertFoundConnectionAlgo	float_neck_down_end_point	floatNeckDownEndPoint
app.freerouting.autoroute.InsertFoundConnectionAlgo	horizontal_first	horizontalFirst
app.freerouting.autoroute.InsertFoundConnectionAlgo	add_corner	addCorner
app.freerouting.autoroute.InsertFoundConnectionAlgo	curr_ok_point	currOkPoint
app.freerouting.autoroute.InsertFoundConnectionAlgo	from_layer	fromLayer
app.freerouting.autoroute.InsertFoundConnectionAlgo	to_layer	toLayer
app.freerouting.autoroute.InsertFoundConnectionAlgo	via_info	viaInfo
app.freerouting.autoroute.InsertFoundConnectionAlgo	found_suitable_span	foundSuitableSpan
app.freerouting.autoroute.InsertFoundConnectionAlgo	curr_via_info	currViaInfo
app.freerouting.autoroute.InsertFoundConnectionAlgo	curr_via_padstack	currViaPadstack
app.freerouting.autoroute.ItemAutorouteInfo	start_info	startInfo
app.freerouting.autoroute.ItemAutorouteInfo	precalculated_connection	precalculatedConnection
app.freerouting.autoroute.ItemAutorouteInfo	expansion_room_arr	expansionRoomArr
app.freerouting.autoroute.ItemAutorouteInfo	current_shape_count	currentShapeCount
app.freerouting.autoroute.ItemAutorouteInfo	new_arr	newArr
app.freerouting.autoroute.ItemAutorouteInfo	copy_length	copyLength
app.freerouting.autoroute.ItemRouteResult	item_id	itemId
app.freerouting.autoroute.ItemRouteResult	improvement_percentage	improvementPercentage
app.freerouting.autoroute.ItemRouteResult	via_count_before	viaCountBefore
app.freerouting.autoroute.ItemRouteResult	via_count_after	viaCountAfter
app.freerouting.autoroute.ItemRouteResult	trace_length_before	traceLengthBefore
app.freerouting.autoroute.ItemRouteResult	trace_length_after	traceLengthAfter
app.freerouting.autoroute.ItemRouteResult	incomplete_count_before	incompleteCountBefore
app.freerouting.autoroute.ItemRouteResult	incomplete_count_after	incompleteCountAfter
app.freerouting.autoroute.LocateFoundConnectionAlgo	connection_items	connectionItems
app.freerouting.autoroute.LocateFoundConnectionAlgo	start_item	startItem
app.freerouting.autoroute.LocateFoundConnectionAlgo	start_layer	startLayer
app.freerouting.autoroute.LocateFoundConnectionAlgo	target_item	targetItem
app.freerouting.autoroute.LocateFoundConnectionAlgo	target_layer	targetLayer
app.freerouting.autoroute.LocateFoundConnectionAlgo	backtrack_array	backtrackArray
app.freerouting.autoroute.LocateFoundConnectionAlgo	angle_restriction	angleRestriction
app.freerouting.autoroute.LocateFoundConnectionAlgo	start_door	startDoor
app.freerouting.autoroute.LocateFoundConnectionAlgo	current_from_point	currentFromPoint
app.freerouting.autoroute.LocateFoundConnectionAlgo	previous_from_point	previousFromPoint
app.freerouting.autoroute.LocateFoundConnectionAlgo	current_trace_layer	currentTraceLayer
app.freerouting.autoroute.LocateFoundConnectionAlgo	current_from_door_index	currentFromDoorIndex
app.freerouting.autoroute.LocateFoundConnectionAlgo	current_to_door_index	currentToDoorIndex
app.freerouting.autoroute.LocateFoundConnectionAlgo	current_target_door_index	currentTargetDoorIndex
app.freerouting.autoroute.LocateFoundConnectionAlgo	current_target_shape	currentTargetShape
app.freerouting.autoroute.LocateFoundConnectionAlgo	backtrack_list	backtrackList
app.freerouting.autoroute.LocateFoundConnectionAlgo	start_info	startInfo
app.freerouting.autoroute.LocateFoundConnectionAlgo	at_fanout_end	atFanoutEnd
app.freerouting.autoroute.LocateFoundConnectionAlgo	connection_done	connectionDone
app.freerouting.autoroute.LocateFoundConnectionAlgo	layer_changed	layerChanged
app.freerouting.autoroute.LocateFoundConnectionAlgo	current_target_drill	currentTargetDrill
app.freerouting.autoroute.LocateFoundConnectionAlgo	target_shape	targetShape
app.freerouting.autoroute.LocateFoundConnectionAlgo	trace_half_width	traceHalfWidth
app.freerouting.autoroute.LocateFoundConnectionAlgo	shrinked_shape	shrinkedShape
app.freerouting.autoroute.LocateFoundConnectionAlgo	next_trace	nextTrace
app.freerouting.autoroute.LocateFoundConnectionAlgo	connection_shape	connectionShape
app.freerouting.autoroute.LocateFoundConnectionAlgo	curr_next_room	currNextRoom
app.freerouting.autoroute.LocateFoundConnectionAlgo	curr_backtrack_door	currBacktrackDoor
app.freerouting.autoroute.LocateFoundConnectionAlgo	curr_maze_search_element	currMazeSearchElement
app.freerouting.autoroute.LocateFoundConnectionAlgo	curr_backtrack_element	currBacktrackElement
app.freerouting.autoroute.LocateFoundConnectionAlgo	curr_section_no	currSectionNo
app.freerouting.autoroute.LocateFoundConnectionAlgo	abs_dx	absDx
app.freerouting.autoroute.LocateFoundConnectionAlgo	abs_dy	absDy
app.freerouting.autoroute.LocateFoundConnectionAlgo	corner_list	cornerList
app.freerouting.autoroute.LocateFoundConnectionAlgo	adjusted_start_corner	adjustedStartCorner
app.freerouting.autoroute.LocateFoundConnectionAlgo	add_corner	addCorner
app.freerouting.autoroute.LocateFoundConnectionAlgo	prev_corner	prevCorner
app.freerouting.autoroute.LocateFoundConnectionAlgo	next_corners	nextCorners
app.freerouting.autoroute.LocateFoundConnectionAlgo	next_layer	nextLayer
app.freerouting.autoroute.LocateFoundConnectionAlgo	next_room	nextRoom
app.freerouting.autoroute.LocateFoundConnectionAlgo	rounded_corner_list	roundedCornerList
app.freerouting.autoroute.LocateFoundConnectionAlgo	prev_point	prevPoint
app.freerouting.autoroute.LocateFoundConnectionAlgo	curr_point	currPoint
app.freerouting.autoroute.LocateFoundConnectionAlgo	corner_arr	cornerArr
app.freerouting.autoroute.LocateFoundConnectionAlgo	next_door	nextDoor
app.freerouting.autoroute.LocateFoundConnectionAlgo	curr_from_info	currFromInfo
app.freerouting.autoroute.LocateFoundConnectionAlgo	shrinked_room_shape	shrinkedRoomShape
app.freerouting.autoroute.LocateFoundConnectionAlgo	section_no_of_door	sectionNoOfDoor
app.freerouting.autoroute.LocateFoundConnectionAlgo45Degree	door_shape	doorShape
app.freerouting.autoroute.LocateFoundConnectionAlgo45Degree	from_door_box	fromDoorBox
app.freerouting.autoroute.LocateFoundConnectionAlgo45Degree	door_line_segment	doorLineSegment
app.freerouting.autoroute.LocateFoundConnectionAlgo45Degree	left_corner	leftCorner
app.freerouting.autoroute.LocateFoundConnectionAlgo45Degree	right_corner	rightCorner
app.freerouting.autoroute.LocateFoundConnectionAlgo45Degree	door_dx	doorDx
app.freerouting.autoroute.LocateFoundConnectionAlgo45Degree	door_dy	doorDy
app.freerouting.autoroute.LocateFoundConnectionAlgo45Degree	abs_door_dy	absDoorDy
app.freerouting.autoroute.LocateFoundConnectionAlgo45Degree	door_max_width	doorMaxWidth
app.freerouting.autoroute.LocateFoundConnectionAlgo45Degree	door_half_max_width	doorHalfMaxWidth
app.freerouting.autoroute.LocateFoundConnectionAlgo45Degree	curr_from_info	currFromInfo
app.freerouting.autoroute.LocateFoundConnectionAlgo45Degree	room_shape	roomShape
app.freerouting.autoroute.LocateFoundConnectionAlgo45Degree	trace_halfwidth	traceHalfwidth
app.freerouting.autoroute.LocateFoundConnectionAlgo45Degree	trace_halfwidth_add	traceHalfwidthAdd
app.freerouting.autoroute.LocateFoundConnectionAlgo45Degree	shrink_offset	shrinkOffset
app.freerouting.autoroute.LocateFoundConnectionAlgo45Degree	shrinked_room_shape	shrinkedRoomShape
app.freerouting.autoroute.LocateFoundConnectionAlgo45Degree	nearest_room_point	nearestRoomPoint
app.freerouting.autoroute.LocateFoundConnectionAlgo45Degree	horizontal_first	horizontalFirst
app.freerouting.autoroute.LocateFoundConnectionAlgo45Degree	nearest_point	nearestPoint
app.freerouting.autoroute.LocateFoundConnectionAlgo45Degree	add_corner	addCorner
app.freerouting.autoroute.LocateFoundConnectionAlgo45Degree	curr_to_info	currToInfo
app.freerouting.autoroute.LocateFoundConnectionAlgo45Degree	nearest_to_door_point	nearestToDoorPoint
app.freerouting.autoroute.LocateFoundConnectionAlgo45Degree	to_door_shape	toDoorShape
app.freerouting.autoroute.LocateFoundConnectionAlgo45Degree	shrinked_to_door_shape	shrinkedToDoorShape
app.freerouting.autoroute.LocateFoundConnectionAlgo45Degree	line_sections	lineSections
app.freerouting.autoroute.LocateFoundConnectionAlgo45Degree	curr_line_section	currLineSection
app.freerouting.autoroute.LocateFoundConnectionAlgo45Degree	nearest_to_door_point_ok	nearestToDoorPointOk
app.freerouting.autoroute.LocateFoundConnectionAlgo45Degree	next_room_shape	nextRoomShape
app.freerouting.autoroute.LocateFoundConnectionAlgo45Degree	nearest_points	nearestPoints
app.freerouting.autoroute.LocateFoundConnectionAlgoAnyAngle	from_room	fromRoom
app.freerouting.autoroute.LocateFoundConnectionAlgoAnyAngle	curr_to_door_shape	currToDoorShape
app.freerouting.autoroute.LocateFoundConnectionAlgoAnyAngle	left_most_corner_no	leftMostCornerNo
app.freerouting.autoroute.LocateFoundConnectionAlgoAnyAngle	right_most_corner_no	rightMostCornerNo
app.freerouting.autoroute.LocateFoundConnectionAlgoAnyAngle	nearest_point	nearestPoint
app.freerouting.autoroute.LocateFoundConnectionAlgoAnyAngle	trace_halfwidth_exact	traceHalfwidthExact
app.freerouting.autoroute.LocateFoundConnectionAlgoAnyAngle	trace_halfwidth_max	traceHalfwidthMax
app.freerouting.autoroute.LocateFoundConnectionAlgoAnyAngle	trace_halfwidth_middle	traceHalfwidthMiddle
app.freerouting.autoroute.LocateFoundConnectionAlgoAnyAngle	curr_to_info	currToInfo
app.freerouting.autoroute.LocateFoundConnectionAlgoAnyAngle	door_left_corner	doorLeftCorner
app.freerouting.autoroute.LocateFoundConnectionAlgoAnyAngle	door_right_corner	doorRightCorner
app.freerouting.autoroute.LocateFoundConnectionAlgoAnyAngle	end_of_trace	endOfTrace
app.freerouting.autoroute.LocateFoundConnectionAlgoAnyAngle	left_tangent_point	leftTangentPoint
app.freerouting.autoroute.LocateFoundConnectionAlgoAnyAngle	right_tangent_point	rightTangentPoint
app.freerouting.autoroute.LocateFoundConnectionAlgoAnyAngle	new_door_ind	newDoorInd
app.freerouting.autoroute.LocateFoundConnectionAlgoAnyAngle	left_ind	leftInd
app.freerouting.autoroute.LocateFoundConnectionAlgoAnyAngle	right_ind	rightInd
app.freerouting.autoroute.LocateFoundConnectionAlgoAnyAngle	curr_door_ind	currDoorInd
app.freerouting.autoroute.LocateFoundConnectionAlgoAnyAngle	result_corner	resultCorner
app.freerouting.autoroute.LocateFoundConnectionAlgoAnyAngle	left_corner_distance	leftCornerDistance
app.freerouting.autoroute.LocateFoundConnectionAlgoAnyAngle	right_corner_distance	rightCornerDistance
app.freerouting.autoroute.LocateFoundConnectionAlgoAnyAngle	next_to_info	nextToInfo
app.freerouting.autoroute.LocateFoundConnectionAlgoAnyAngle	next_left_corner	nextLeftCorner
app.freerouting.autoroute.LocateFoundConnectionAlgoAnyAngle	next_right_corner	nextRightCorner
app.freerouting.autoroute.LocateFoundConnectionAlgoAnyAngle	visability_range_gets_smaller_on_the_right_side	visabilityRangeGetsSmallerOnTheRightSide
app.freerouting.autoroute.LocateFoundConnectionAlgoAnyAngle	curr_tangential_point	currTangentialPoint
app.freerouting.autoroute.LocateFoundConnectionAlgoAnyAngle	check_line	checkLine
app.freerouting.autoroute.LocateFoundConnectionAlgoAnyAngle	visability_range_gets_smaller_on_the_left_side	visabilityRangeGetsSmallerOnTheLeftSide
app.freerouting.autoroute.LocateFoundConnectionAlgoAnyAngle	target_right_corner	targetRightCorner
app.freerouting.autoroute.LocateFoundConnectionAlgoAnyAngle	curr_corner	currCorner
app.freerouting.autoroute.LocateFoundConnectionAlgoAnyAngle	target_left_corner	targetLeftCorner
app.freerouting.autoroute.LocateFoundConnectionAlgoAnyAngle	check_from_door_index	checkFromDoorIndex
app.freerouting.autoroute.LocateFoundConnectionAlgoAnyAngle	corrected_result	correctedResult
app.freerouting.autoroute.LocateFoundConnectionAlgoAnyAngle	corrected_door_ind	correctedDoorInd
app.freerouting.autoroute.LocateFoundConnectionAlgoAnyAngle	curr_left_corner	currLeftCorner
app.freerouting.autoroute.LocateFoundConnectionAlgoAnyAngle	curr_dist	currDist
app.freerouting.autoroute.LocateFoundConnectionAlgoAnyAngle	curr_corrected_result	currCorrectedResult
app.freerouting.autoroute.LocateFoundConnectionAlgoAnyAngle	curr_right_corner	currRightCorner
app.freerouting.autoroute.LocateFoundConnectionAlgoAnyAngle	first_line	firstLine
app.freerouting.autoroute.LocateFoundConnectionAlgoAnyAngle	second_line	secondLine
app.freerouting.autoroute.MazeListElement	section_no_of_door	sectionNoOfDoor
app.freerouting.autoroute.MazeListElement	backtrack_door	backtrackDoor
app.freerouting.autoroute.MazeListElement	section_no_of_backtrack_door	sectionNoOfBacktrackDoor
app.freerouting.autoroute.MazeListElement	expansion_value	expansionValue
app.freerouting.autoroute.MazeListElement	sorting_value	sortingValue
app.freerouting.autoroute.MazeListElement	next_room	nextRoom
app.freerouting.autoroute.MazeListElement	shape_entry	shapeEntry
app.freerouting.autoroute.MazeListElement	room_ripped	roomRipped
app.freerouting.autoroute.MazeListElement	already_checked	alreadyChecked
app.freerouting.autoroute.MazeListElement	ripup_cost	ripupCost
app.freerouting.autoroute.for	autoroute_engine	autorouteEngine
app.freerouting.autoroute.for	maze_expansion_list	mazeExpansionList
app.freerouting.autoroute.for	destination_distance	destinationDistance
app.freerouting.autoroute.for	search_tree	searchTree
app.freerouting.autoroute.for	random_generator	randomGenerator
app.freerouting.autoroute.for	destination_door	destinationDoor
app.freerouting.autoroute.for	section_no_of_destination_door	sectionNoOfDestinationDoor
app.freerouting.autoroute.for	pin_center_float	pinCenterFloat
app.freerouting.autoroute.for	entry_point	entryPoint
app.freerouting.autoroute.for	new_instance	newInstance
app.freerouting.autoroute.for	pin_contacts	pinContacts
app.freerouting.autoroute.for	FANOUT_COST_CONST	fanoutCOSTCONST
app.freerouting.autoroute.for	curr_end_contacts	currEndContacts
app.freerouting.autoroute.for	curr_trace_contact	currTraceContact
app.freerouting.autoroute.for	protect_fanout_via	protectFanoutVia
app.freerouting.autoroute.for	fanout_via_cost_factor	fanoutViaCostFactor
app.freerouting.autoroute.for	check_segment	checkSegment
app.freerouting.autoroute.for	first_projection	firstProjection
app.freerouting.autoroute.for	second_projection	secondProjection
app.freerouting.autoroute.for	result_a	resultA
app.freerouting.autoroute.for	result_b	resultB
app.freerouting.autoroute.for	list_element	listElement
app.freerouting.autoroute.for	curr_door_section	currDoorSection
app.freerouting.autoroute.for	next_element_found	nextElementFound
app.freerouting.autoroute.for	curr_section_no	currSectionNo
app.freerouting.autoroute.for	layer_no	layerNo
app.freerouting.autoroute.for	layer_active	layerActive
app.freerouting.autoroute.for	half_width	halfWidth
app.freerouting.autoroute.for	curr_door_is_small	currDoorIsSmall
app.freerouting.autoroute.for	half_width_add	halfWidthAdd
app.freerouting.autoroute.for	neck_down_half_width	neckDownHalfWidth
app.freerouting.autoroute.for	shape_entry_middle	shapeEntryMiddle
app.freerouting.autoroute.for	start_item	startItem
app.freerouting.autoroute.for	neckdown_half_width	neckdownHalfWidth
app.freerouting.autoroute.for	next_room_is_thick	nextRoomIsThick
app.freerouting.autoroute.for	next_room_shape	nextRoomShape
app.freerouting.autoroute.for	nearest_points	nearestPoints
app.freerouting.autoroute.for	curr_dist	currDist
app.freerouting.autoroute.for	drill_location	drillLocation
app.freerouting.autoroute.for	picked_items	pickedItems
app.freerouting.autoroute.for	something_expanded	somethingExpanded
app.freerouting.autoroute.for	ripup_costs	ripupCosts
app.freerouting.autoroute.for	enter_through_small_door	enterThroughSmallDoor
app.freerouting.autoroute.for	room_rippable	roomRippable
app.freerouting.autoroute.for	obstacle_item	obstacleItem
app.freerouting.autoroute.for	new_element	newElement
app.freerouting.autoroute.for	room_doors_snapshot	roomDoorsSnapshot
app.freerouting.autoroute.for	candidate_door	candidateDoor
app.freerouting.autoroute.for	overlapping_drill_pages	overlappingDrillPages
app.freerouting.autoroute.for	curr_obstacle_item	currObstacleItem
app.freerouting.autoroute.for	via_drill_info	viaDrillInfo
app.freerouting.autoroute.for	from_room	fromRoom
app.freerouting.autoroute.for	tree_shape_count	treeShapeCount
app.freerouting.autoroute.for	target_shape	targetShape
app.freerouting.autoroute.for	connection_point	connectionPoint
app.freerouting.autoroute.for	curr_net_no_arr	currNetNoArr
app.freerouting.autoroute.for	curr_layer	currLayer
app.freerouting.autoroute.for	check_points	checkPoints
app.freerouting.autoroute.for	check_polyline	checkPolyline
app.freerouting.autoroute.for	check_ok	checkOk
app.freerouting.autoroute.for	new_shape_entry	newShapeEntry
app.freerouting.autoroute.for	line_sections	lineSections
app.freerouting.autoroute.for	room_shape	roomShape
app.freerouting.autoroute.for	door_shape	doorShape
app.freerouting.autoroute.for	door_length	doorLength
app.freerouting.autoroute.for	angle_restriction	angleRestriction
app.freerouting.autoroute.for	door_box	doorBox
app.freerouting.autoroute.for	door_oct	doorOct
app.freerouting.autoroute.for	door_line_segment	doorLineSegment
app.freerouting.autoroute.for	door_section_occupied	doorSectionOccupied
app.freerouting.autoroute.for	next_room	nextRoom
app.freerouting.autoroute.for	bend_cost_penalty	bendCostPenalty
app.freerouting.autoroute.for	from_mid	fromMid
app.freerouting.autoroute.for	backtrack_cog	backtrackCog
app.freerouting.autoroute.for	prev_dx	prevDx
app.freerouting.autoroute.for	prev_dy	prevDy
app.freerouting.autoroute.for	next_dx	nextDx
app.freerouting.autoroute.for	next_dy	nextDy
app.freerouting.autoroute.for	cross_product	crossProduct
app.freerouting.autoroute.for	sq_len_prev	sqLenPrev
app.freerouting.autoroute.for	sq_len_next	sqLenNext
app.freerouting.autoroute.for	expansion_value	expansionValue
app.freerouting.autoroute.for	sorting_value	sortingValue
app.freerouting.autoroute.for	room_ripped	roomRipped
app.freerouting.autoroute.for	section_count	sectionCount
app.freerouting.autoroute.for	trace_half_width	traceHalfWidth
app.freerouting.autoroute.for	room_shape_is_thin	roomShapeIsThin
app.freerouting.autoroute.for	via_radius	viaRadius
app.freerouting.autoroute.for	shrinked_drill_shape	shrinkedDrillShape
app.freerouting.autoroute.for	compare_corner	compareCorner
app.freerouting.autoroute.for	from_item	fromItem
app.freerouting.autoroute.for	nearest_exit_corner	nearestExitCorner
app.freerouting.autoroute.for	nearest_point	nearestPoint
app.freerouting.autoroute.for	shape_entry	shapeEntry
app.freerouting.autoroute.for	section_no	sectionNo
app.freerouting.autoroute.for	new_backtrack_door	newBacktrackDoor
app.freerouting.autoroute.for	new_section_no_of_backtrack_door	newSectionNoOfBacktrackDoor
app.freerouting.autoroute.for	from_element_shape_entry_middle	fromElementShapeEntryMiddle
app.freerouting.autoroute.for	from_room_layer	fromRoomLayer
app.freerouting.autoroute.for	drill_page	drillPage
app.freerouting.autoroute.for	drill_list	drillList
app.freerouting.autoroute.for	via_lower_bound	viaLowerBound
app.freerouting.autoroute.for	via_upper_bound	viaUpperBound
app.freerouting.autoroute.for	curr_drill	currDrill
app.freerouting.autoroute.for	from_layer	fromLayer
app.freerouting.autoroute.for	smd_attached_on_component_side	smdAttachedOnComponentSide
app.freerouting.autoroute.for	smd_attached_on_solder_side	smdAttachedOnSolderSide
app.freerouting.autoroute.for	curr_obstacle_padstack	currObstaclePadstack
app.freerouting.autoroute.for	net_no_arr	netNoArr
app.freerouting.autoroute.for	via_lower_limit	viaLowerLimit
app.freerouting.autoroute.for	via_upper_limit	viaUpperLimit
app.freerouting.autoroute.for	curr_room_shape	currRoomShape
app.freerouting.autoroute.for	drill_result	drillResult
app.freerouting.autoroute.for	curr_first_layer	currFirstLayer
app.freerouting.autoroute.for	curr_last_layer	currLastLayer
app.freerouting.autoroute.for	mask_found	maskFound
app.freerouting.autoroute.for	curr_via_info	currViaInfo
app.freerouting.autoroute.for	mask_ok	maskOk
app.freerouting.autoroute.for	curr_drill_layer_info	currDrillLayerInfo
app.freerouting.autoroute.for	curr_room_index	currRoomIndex
app.freerouting.autoroute.for	destination_ok	destinationOk
app.freerouting.autoroute.for	curr_info	currInfo
app.freerouting.autoroute.for	curr_tree_shape	currTreeShape
app.freerouting.autoroute.for	board_bounding_box	boardBoundingBox
app.freerouting.autoroute.for	start_rooms	startRooms
app.freerouting.autoroute.for	contained_shape	containedShape
app.freerouting.autoroute.for	new_start_room	newStartRoom
app.freerouting.autoroute.for	completed_start_rooms	completedStartRooms
app.freerouting.autoroute.for	curr_completed_rooms	currCompletedRooms
app.freerouting.autoroute.for	start_ok	startOk
app.freerouting.autoroute.for	expansion_doors_found	expansionDoorsFound
app.freerouting.autoroute.for	expansion_doors_destination	expansionDoorsDestination
app.freerouting.autoroute.for	connection_shape	connectionShape
app.freerouting.autoroute.for	curr_center	currCenter
app.freerouting.autoroute.for	new_list_element	newListElement
app.freerouting.autoroute.for	obstacle_half_width	obstacleHalfWidth
app.freerouting.autoroute.for	via_shape	viaShape
app.freerouting.autoroute.for	previous_room	previousRoom
app.freerouting.autoroute.for	room_was_shoved	roomWasShoved
app.freerouting.autoroute.for	previous_item	previousItem
app.freerouting.autoroute.for	ALREADY_RIPPED_COSTS	alreadyRIPPEDCOSTS
app.freerouting.autoroute.for	cost_factor	costFactor
app.freerouting.autoroute.for	look_if_fanout_via	lookIfFanoutVia
app.freerouting.autoroute.for	contact_list	contactList
app.freerouting.autoroute.for	contact_count	contactCount
app.freerouting.autoroute.for	curr_fanout_via_cost_factor	currFanoutViaCostFactor
app.freerouting.autoroute.for	ripup_cost	ripupCost
app.freerouting.autoroute.for	trace_length	traceLength
app.freerouting.autoroute.for	min_trace_length	minTraceLength
app.freerouting.autoroute.for	item_count	itemCount
app.freerouting.autoroute.for	obstacle_connection	obstacleConnection
app.freerouting.autoroute.for	random_number	randomNumber
app.freerouting.autoroute.for	random_factor	randomFactor
app.freerouting.autoroute.for	MAX_RIPUP_COSTS	maxRIPUPCOSTS
app.freerouting.autoroute.for	left_to_door_section_list	leftToDoorSectionList
app.freerouting.autoroute.for	curr_adjustment	currAdjustment
app.freerouting.autoroute.for	right_to_door_section_list	rightToDoorSectionList
app.freerouting.autoroute.for	target_doors	targetDoors
app.freerouting.autoroute.for	door_line	doorLine
app.freerouting.autoroute.for	prev_corner	prevCorner
app.freerouting.autoroute.for	corner_count	cornerCount
app.freerouting.autoroute.for	next_corner	nextCorner
app.freerouting.autoroute.for	door_center	doorCenter
app.freerouting.autoroute.for	check_radius	checkRadius
app.freerouting.autoroute.for	line_arr	lineArr
app.freerouting.autoroute.for	check_shape	checkShape
app.freerouting.autoroute.for	ignore_net_nos	ignoreNetNos
app.freerouting.autoroute.for	overlapping_objects	overlappingObjects
app.freerouting.autoroute.for	curr_contacts	currContacts
app.freerouting.autoroute.for	curr_item	currItem
app.freerouting.autoroute.for	section_no_of_door	sectionNoOfDoor
app.freerouting.autoroute.for	opposite_door	oppositeDoor
app.freerouting.autoroute.for	side_doors	sideDoors
app.freerouting.autoroute.for	from_door_passing_point	fromDoorPassingPoint
app.freerouting.autoroute.for	opposite_door_passing_point	oppositeDoorPassingPoint
app.freerouting.autoroute.MazeSearchElement	is_occupied	isOccupied
app.freerouting.autoroute.MazeSearchElement	backtrack_door	backtrackDoor
app.freerouting.autoroute.MazeSearchElement	section_no_of_backtrack_door	sectionNoOfBacktrackDoor
app.freerouting.autoroute.MazeSearchElement	room_ripped	roomRipped
app.freerouting.autoroute.MazeSearchElement	ripup_cost	ripupCost
app.freerouting.autoroute.MazeShoveTraceAlgo	trace_layer	traceLayer
app.freerouting.autoroute.MazeShoveTraceAlgo	compensated_trace_half_width	compensatedTraceHalfWidth
app.freerouting.autoroute.MazeShoveTraceAlgo	from_door_shape	fromDoorShape
app.freerouting.autoroute.MazeShoveTraceAlgo	trace_corner_no	traceCornerNo
app.freerouting.autoroute.MazeShoveTraceAlgo	trace_polyline	tracePolyline
app.freerouting.autoroute.MazeShoveTraceAlgo	room_doors	roomDoors
app.freerouting.autoroute.MazeShoveTraceAlgo	shove_line_segment	shoveLineSegment
app.freerouting.autoroute.MazeShoveTraceAlgo	other_room	otherRoom
app.freerouting.autoroute.MazeShoveTraceAlgo	door_center	doorCenter
app.freerouting.autoroute.MazeShoveTraceAlgo	corner_1	corner1
app.freerouting.autoroute.MazeShoveTraceAlgo	corner_2	corner2
app.freerouting.autoroute.MazeShoveTraceAlgo	shove_into_direction_of_trace_start	shoveIntoDirectionOfTraceStart
app.freerouting.autoroute.MazeShoveTraceAlgo	from_room	fromRoom
app.freerouting.autoroute.MazeShoveTraceAlgo	from_point	fromPoint
app.freerouting.autoroute.MazeShoveTraceAlgo	shove_trace_line	shoveTraceLine
app.freerouting.autoroute.MazeShoveTraceAlgo	door_line_segment	doorLineSegment
app.freerouting.autoroute.MazeShoveTraceAlgo	side_of_trace_line	sideOfTraceLine
app.freerouting.autoroute.MazeShoveTraceAlgo	polar_line_segment	polarLineSegment
app.freerouting.autoroute.MazeShoveTraceAlgo	door_line_swapped	doorLineSwapped
app.freerouting.autoroute.MazeShoveTraceAlgo	section_ok	sectionOk
app.freerouting.autoroute.MazeShoveTraceAlgo	shape_entry_check_distance	shapeEntryCheckDistance
app.freerouting.autoroute.MazeShoveTraceAlgo	check_dist_square	checkDistSquare
app.freerouting.autoroute.MazeShoveTraceAlgo	shrinked_line_segment	shrinkedLineSegment
app.freerouting.autoroute.MazeShoveTraceAlgo	perpendicular_direction	perpendicularDirection
app.freerouting.autoroute.MazeShoveTraceAlgo	start_closing_line	startClosingLine
app.freerouting.autoroute.MazeShoveTraceAlgo	trace_half_width	traceHalfWidth
app.freerouting.autoroute.MazeShoveTraceAlgo	net_no_arr	netNoArr
app.freerouting.autoroute.MazeShoveTraceAlgo	shove_width	shoveWidth
app.freerouting.autoroute.MazeShoveTraceAlgo	segment_shortened	segmentShortened
app.freerouting.autoroute.MazeShoveTraceAlgo	from_corner	fromCorner
app.freerouting.autoroute.MazeShoveTraceAlgo	to_corner	toCorner
app.freerouting.autoroute.MazeShoveTraceAlgo	segment_ist_point	segmentIstPoint
app.freerouting.autoroute.MazeShoveTraceAlgo	shove_line	shoveLine
app.freerouting.autoroute.MazeShoveTraceAlgo	from_door_compare_distance	fromDoorCompareDistance
app.freerouting.autoroute.MazeShoveTraceAlgo	first_room_item	firstRoomItem
app.freerouting.autoroute.MazeShoveTraceAlgo	second_room_item	secondRoomItem
app.freerouting.autoroute.MazeShoveTraceAlgo	curr_door_shape	currDoorShape
app.freerouting.autoroute.MazeShoveTraceAlgo	add_link_door	addLinkDoor
app.freerouting.autoroute.MazeShoveTraceAlgo	line_sections	lineSections
app.freerouting.autoroute.MazeShoveTraceAlgo	curr_door_segment	currDoorSegment
app.freerouting.autoroute.MazeShoveTraceAlgo	start_corner_side_of_trace_line	startCornerSideOfTraceLine
app.freerouting.autoroute.MazeShoveTraceAlgo	end_corner_side_of_trace_line	endCornerSideOfTraceLine
app.freerouting.autoroute.MazeShoveTraceAlgo	curr_door_line	currDoorLine
app.freerouting.autoroute.MazeShoveTraceAlgo	curr_door_nearest_corner	currDoorNearestCorner
app.freerouting.autoroute.MazeShoveTraceAlgo	curr_door_projection	currDoorProjection
app.freerouting.autoroute.MazeShoveTraceAlgo	curr_line_section	currLineSection
app.freerouting.autoroute.MazeShoveTraceAlgo	curr_section_nearest_corner	currSectionNearestCorner
app.freerouting.autoroute.MazeShoveTraceAlgo	curr_section_projection	currSectionProjection
app.freerouting.autoroute.MazeShoveTraceAlgo	points_matching	pointsMatching
app.freerouting.autoroute.MazeShoveTraceAlgo	from_center	fromCenter
app.freerouting.autoroute.MazeShoveTraceAlgo	section_no	sectionNo
app.freerouting.autoroute.MazeShoveTraceAlgo	section_line	sectionLine
app.freerouting.autoroute.ObstacleExpansionRoom	index_in_item	indexInItem
app.freerouting.autoroute.ObstacleExpansionRoom	doors_calculated	doorsCalculated
app.freerouting.autoroute.ObstacleExpansionRoom	new_door	newDoor
app.freerouting.autoroute.ObstacleExpansionRoom	draw_color	drawColor
app.freerouting.autoroute.ObstacleExpansionRoom	layer_visibility	layerVisibility
app.freerouting.autoroute.OptimizeRouteTask	pass_no	passNo
app.freerouting.autoroute.OptimizeRouteTask	with_preferred_directions	withPreferredDirections
app.freerouting.autoroute.OptimizeRouteTask	item_id	itemId
app.freerouting.autoroute.OptimizeRouteTask	winning_candidate	winningCandidate
app.freerouting.autoroute.Sorted45DegreeRoomNeighbours	completed_room	completedRoom
app.freerouting.autoroute.Sorted45DegreeRoomNeighbours	sorted_neighbours	sortedNeighbours
app.freerouting.autoroute.Sorted45DegreeRoomNeighbours	from_room	fromRoom
app.freerouting.autoroute.Sorted45DegreeRoomNeighbours	room_shape	roomShape
app.freerouting.autoroute.Sorted45DegreeRoomNeighbours	edge_interior_touches_obstacle	edgeInteriorTouchesObstacle
app.freerouting.autoroute.Sorted45DegreeRoomNeighbours	net_no	netNo
app.freerouting.autoroute.Sorted45DegreeRoomNeighbours	room_neighbours	roomNeighbours
app.freerouting.autoroute.Sorted45DegreeRoomNeighbours	edge_removed	edgeRemoved
app.freerouting.autoroute.Sorted45DegreeRoomNeighbours	room_oct	roomOct
app.freerouting.autoroute.Sorted45DegreeRoomNeighbours	overlapping_objects	overlappingObjects
app.freerouting.autoroute.Sorted45DegreeRoomNeighbours	id_diff	idDiff
app.freerouting.autoroute.Sorted45DegreeRoomNeighbours	curr_object	currObject
app.freerouting.autoroute.Sorted45DegreeRoomNeighbours	curr_shape	currShape
app.freerouting.autoroute.Sorted45DegreeRoomNeighbours	curr_oct	currOct
app.freerouting.autoroute.Sorted45DegreeRoomNeighbours	item_info	itemInfo
app.freerouting.autoroute.Sorted45DegreeRoomNeighbours	curr_overlap_room	currOverlapRoom
app.freerouting.autoroute.Sorted45DegreeRoomNeighbours	neighbour_room	neighbourRoom
app.freerouting.autoroute.Sorted45DegreeRoomNeighbours	new_door	newDoor
app.freerouting.autoroute.Sorted45DegreeRoomNeighbours	new_neighbour	newNeighbour
app.freerouting.autoroute.Sorted45DegreeRoomNeighbours	board_bounding_oct	boardBoundingOct
app.freerouting.autoroute.Sorted45DegreeRoomNeighbours	curr_corner	currCorner
app.freerouting.autoroute.Sorted45DegreeRoomNeighbours	curr_side_no	currSideNo
app.freerouting.autoroute.Sorted45DegreeRoomNeighbours	next_side_no	nextSideNo
app.freerouting.autoroute.Sorted45DegreeRoomNeighbours	next_corner	nextCorner
app.freerouting.autoroute.Sorted45DegreeRoomNeighbours	room_area	roomArea
app.freerouting.autoroute.Sorted45DegreeRoomNeighbours	try_remove_edge_lines	tryRemoveEdgeLines
app.freerouting.autoroute.Sorted45DegreeRoomNeighbours	prev_corner	prevCorner
app.freerouting.autoroute.Sorted45DegreeRoomNeighbours	enlarged_oct	enlargedOct
app.freerouting.autoroute.Sorted45DegreeRoomNeighbours	door_list	doorList
app.freerouting.autoroute.Sorted45DegreeRoomNeighbours	ignore_shape	ignoreShape
app.freerouting.autoroute.Sorted45DegreeRoomNeighbours	ignore_object	ignoreObject
app.freerouting.autoroute.Sorted45DegreeRoomNeighbours	max_door_area	maxDoorArea
app.freerouting.autoroute.Sorted45DegreeRoomNeighbours	other_room	otherRoom
app.freerouting.autoroute.Sorted45DegreeRoomNeighbours	curr_door_shape	currDoorShape
app.freerouting.autoroute.Sorted45DegreeRoomNeighbours	curr_door_area	currDoorArea
app.freerouting.autoroute.Sorted45DegreeRoomNeighbours	enlarged_room	enlargedRoom
app.freerouting.autoroute.Sorted45DegreeRoomNeighbours	new_rooms	newRooms
app.freerouting.autoroute.Sorted45DegreeRoomNeighbours	new_room	newRoom
app.freerouting.autoroute.Sorted45DegreeRoomNeighbours	new_incomplete_room_shape	newIncompleteRoomShape
app.freerouting.autoroute.Sorted45DegreeRoomNeighbours	new_contained_shape	newContainedShape
app.freerouting.autoroute.Sorted45DegreeRoomNeighbours	door_dimension	doorDimension
app.freerouting.autoroute.Sorted45DegreeRoomNeighbours	from_side_no	fromSideNo
app.freerouting.autoroute.Sorted45DegreeRoomNeighbours	to_side_no	toSideNo
app.freerouting.autoroute.Sorted45DegreeRoomNeighbours	curr_from_side_no	currFromSideNo
app.freerouting.autoroute.Sorted45DegreeRoomNeighbours	curr_to_side_no	currToSideNo
app.freerouting.autoroute.Sorted45DegreeRoomNeighbours	prev_neighbour	prevNeighbour
app.freerouting.autoroute.Sorted45DegreeRoomNeighbours	insert_incomplete_room	insertIncompleteRoom
app.freerouting.autoroute.Sorted45DegreeRoomNeighbours	next_neighbour	nextNeighbour
app.freerouting.autoroute.Sorted45DegreeRoomNeighbours	search_tree_object	searchTreeObject
app.freerouting.autoroute.Sorted45DegreeRoomNeighbours	first_touching_side	firstTouchingSide
app.freerouting.autoroute.Sorted45DegreeRoomNeighbours	last_touching_side	lastTouchingSide
app.freerouting.autoroute.Sorted45DegreeRoomNeighbours	touch_only_at_corner	touchOnlyAtCorner
app.freerouting.autoroute.Sorted45DegreeRoomNeighbours	cmp_value	cmpValue
app.freerouting.autoroute.Sorted45DegreeRoomNeighbours	this_touching_side_diff	thisTouchingSideDiff
app.freerouting.autoroute.Sorted45DegreeRoomNeighbours	other_touching_side_diff	otherTouchingSideDiff
app.freerouting.autoroute.SortedOrthogonalRoomNeighbours	completed_room	completedRoom
app.freerouting.autoroute.SortedOrthogonalRoomNeighbours	sorted_neighbours	sortedNeighbours
app.freerouting.autoroute.SortedOrthogonalRoomNeighbours	from_room	fromRoom
app.freerouting.autoroute.SortedOrthogonalRoomNeighbours	is_obstacle_expansion_room	isObstacleExpansionRoom
app.freerouting.autoroute.SortedOrthogonalRoomNeighbours	room_shape	roomShape
app.freerouting.autoroute.SortedOrthogonalRoomNeighbours	edge_interior_touches_obstacle	edgeInteriorTouchesObstacle
app.freerouting.autoroute.SortedOrthogonalRoomNeighbours	net_no	netNo
app.freerouting.autoroute.SortedOrthogonalRoomNeighbours	room_neighbours	roomNeighbours
app.freerouting.autoroute.SortedOrthogonalRoomNeighbours	edge_removed	edgeRemoved
app.freerouting.autoroute.SortedOrthogonalRoomNeighbours	bounding_box	boundingBox
app.freerouting.autoroute.SortedOrthogonalRoomNeighbours	new_room_box	newRoomBox
app.freerouting.autoroute.SortedOrthogonalRoomNeighbours	new_contained_box	newContainedBox
app.freerouting.autoroute.SortedOrthogonalRoomNeighbours	new_room	newRoom
app.freerouting.autoroute.SortedOrthogonalRoomNeighbours	new_door	newDoor
app.freerouting.autoroute.SortedOrthogonalRoomNeighbours	overlapping_objects	overlappingObjects
app.freerouting.autoroute.SortedOrthogonalRoomNeighbours	id_diff	idDiff
app.freerouting.autoroute.SortedOrthogonalRoomNeighbours	curr_object	currObject
app.freerouting.autoroute.SortedOrthogonalRoomNeighbours	curr_shape	currShape
app.freerouting.autoroute.SortedOrthogonalRoomNeighbours	item_info	itemInfo
app.freerouting.autoroute.SortedOrthogonalRoomNeighbours	curr_overlap_room	currOverlapRoom
app.freerouting.autoroute.SortedOrthogonalRoomNeighbours	neighbour_room	neighbourRoom
app.freerouting.autoroute.SortedOrthogonalRoomNeighbours	board_bounds	boardBounds
app.freerouting.autoroute.SortedOrthogonalRoomNeighbours	prev_neighbour	prevNeighbour
app.freerouting.autoroute.SortedOrthogonalRoomNeighbours	new_incomplete_room_shape	newIncompleteRoomShape
app.freerouting.autoroute.SortedOrthogonalRoomNeighbours	new_contained_shape	newContainedShape
app.freerouting.autoroute.SortedOrthogonalRoomNeighbours	door_dimension	doorDimension
app.freerouting.autoroute.SortedOrthogonalRoomNeighbours	room_area	roomArea
app.freerouting.autoroute.SortedOrthogonalRoomNeighbours	remove_edge_no	removeEdgeNo
app.freerouting.autoroute.SortedOrthogonalRoomNeighbours	enlarged_box	enlargedBox
app.freerouting.autoroute.SortedOrthogonalRoomNeighbours	door_list	doorList
app.freerouting.autoroute.SortedOrthogonalRoomNeighbours	ignore_shape	ignoreShape
app.freerouting.autoroute.SortedOrthogonalRoomNeighbours	ignore_object	ignoreObject
app.freerouting.autoroute.SortedOrthogonalRoomNeighbours	max_door_area	maxDoorArea
app.freerouting.autoroute.SortedOrthogonalRoomNeighbours	ignore_candidate_count	ignoreCandidateCount
app.freerouting.autoroute.SortedOrthogonalRoomNeighbours	equal_area_tie_count	equalAreaTieCount
app.freerouting.autoroute.SortedOrthogonalRoomNeighbours	other_room	otherRoom
app.freerouting.autoroute.SortedOrthogonalRoomNeighbours	curr_door_shape	currDoorShape
app.freerouting.autoroute.SortedOrthogonalRoomNeighbours	curr_door_area	currDoorArea
app.freerouting.autoroute.SortedOrthogonalRoomNeighbours	enlarged_room	enlargedRoom
app.freerouting.autoroute.SortedOrthogonalRoomNeighbours	new_rooms	newRooms
app.freerouting.autoroute.SortedOrthogonalRoomNeighbours	new_neighbour	newNeighbour
app.freerouting.autoroute.SortedOrthogonalRoomNeighbours	search_tree_object	searchTreeObject
app.freerouting.autoroute.SortedOrthogonalRoomNeighbours	first_touching_side	firstTouchingSide
app.freerouting.autoroute.SortedOrthogonalRoomNeighbours	last_touching_side	lastTouchingSide
app.freerouting.autoroute.SortedOrthogonalRoomNeighbours	cmp_value	cmpValue
app.freerouting.autoroute.SortedOrthogonalRoomNeighbours	this_touching_side_diff	thisTouchingSideDiff
app.freerouting.autoroute.SortedOrthogonalRoomNeighbours	other_touching_side_diff	otherTouchingSideDiff
app.freerouting.autoroute.SortedRoomNeighbours	from_room	fromRoom
app.freerouting.autoroute.SortedRoomNeighbours	completed_room	completedRoom
app.freerouting.autoroute.SortedRoomNeighbours	room_shape	roomShape
app.freerouting.autoroute.SortedRoomNeighbours	sorted_neighbours	sortedNeighbours
app.freerouting.autoroute.SortedRoomNeighbours	own_net_objects	ownNetObjects
app.freerouting.autoroute.SortedRoomNeighbours	net_no	netNo
app.freerouting.autoroute.SortedRoomNeighbours	room_neighbours	roomNeighbours
app.freerouting.autoroute.SortedRoomNeighbours	edge_removed	edgeRemoved
app.freerouting.autoroute.SortedRoomNeighbours	curr_line	currLine
app.freerouting.autoroute.SortedRoomNeighbours	shape_line	shapeLine
app.freerouting.autoroute.SortedRoomNeighbours	new_room_shape	newRoomShape
app.freerouting.autoroute.SortedRoomNeighbours	new_contained_shape	newContainedShape
app.freerouting.autoroute.SortedRoomNeighbours	new_room	newRoom
app.freerouting.autoroute.SortedRoomNeighbours	new_door	newDoor
app.freerouting.autoroute.SortedRoomNeighbours	curr_connection_shape	currConnectionShape
app.freerouting.autoroute.SortedRoomNeighbours	curr_item	currItem
app.freerouting.autoroute.SortedRoomNeighbours	new_target_door	newTargetDoor
app.freerouting.autoroute.SortedRoomNeighbours	overlapping_objects	overlappingObjects
app.freerouting.autoroute.SortedRoomNeighbours	id_diff	idDiff
app.freerouting.autoroute.SortedRoomNeighbours	curr_object	currObject
app.freerouting.autoroute.SortedRoomNeighbours	curr_shape	currShape
app.freerouting.autoroute.SortedRoomNeighbours	item_info	itemInfo
app.freerouting.autoroute.SortedRoomNeighbours	curr_overlap_room	currOverlapRoom
app.freerouting.autoroute.SortedRoomNeighbours	touching_sides	touchingSides
app.freerouting.autoroute.SortedRoomNeighbours	neighbour_room	neighbourRoom
app.freerouting.autoroute.SortedRoomNeighbours	touching_point	touchingPoint
app.freerouting.autoroute.SortedRoomNeighbours	room_corner_no	roomCornerNo
app.freerouting.autoroute.SortedRoomNeighbours	room_touch_is_corner	roomTouchIsCorner
app.freerouting.autoroute.SortedRoomNeighbours	touching_side_no_of_room	touchingSideNoOfRoom
app.freerouting.autoroute.SortedRoomNeighbours	neighbour_room_corner_no	neighbourRoomCornerNo
app.freerouting.autoroute.SortedRoomNeighbours	neighbour_room_touch_is_corner	neighbourRoomTouchIsCorner
app.freerouting.autoroute.SortedRoomNeighbours	touching_side_no_of_neighbour_room	touchingSideNoOfNeighbourRoom
app.freerouting.autoroute.SortedRoomNeighbours	first_item	firstItem
app.freerouting.autoroute.SortedRoomNeighbours	second_item	secondItem
app.freerouting.autoroute.SortedRoomNeighbours	door_line	doorLine
app.freerouting.autoroute.SortedRoomNeighbours	prev_corner	prevCorner
app.freerouting.autoroute.SortedRoomNeighbours	corner_count	cornerCount
app.freerouting.autoroute.SortedRoomNeighbours	curr_corner	currCorner
app.freerouting.autoroute.SortedRoomNeighbours	room_index	roomIndex
app.freerouting.autoroute.SortedRoomNeighbours	curr_trace_line	currTraceLine
app.freerouting.autoroute.SortedRoomNeighbours	new_neighbour	newNeighbour
app.freerouting.autoroute.SortedRoomNeighbours	remove_edge_no	removeEdgeNo
app.freerouting.autoroute.SortedRoomNeighbours	room_simplex	roomSimplex
app.freerouting.autoroute.SortedRoomNeighbours	room_shape_area	roomShapeArea
app.freerouting.autoroute.SortedRoomNeighbours	prev_edge_no	prevEdgeNo
app.freerouting.autoroute.SortedRoomNeighbours	curr_edge_no	currEdgeNo
app.freerouting.autoroute.SortedRoomNeighbours	enlarged_shape	enlargedShape
app.freerouting.autoroute.SortedRoomNeighbours	enlarged_room	enlargedRoom
app.freerouting.autoroute.SortedRoomNeighbours	new_rooms	newRooms
app.freerouting.autoroute.SortedRoomNeighbours	remove_edge	removeEdge
app.freerouting.autoroute.SortedRoomNeighbours	new_shape	newShape
app.freerouting.autoroute.SortedRoomNeighbours	prev_neighbour	prevNeighbour
app.freerouting.autoroute.SortedRoomNeighbours	first_touching_side_no	firstTouchingSideNo
app.freerouting.autoroute.SortedRoomNeighbours	last_touching_side_no	lastTouchingSideNo
app.freerouting.autoroute.SortedRoomNeighbours	curr_next_no	currNextNo
app.freerouting.autoroute.SortedRoomNeighbours	intersection_with_prev_neighbour_ends_at_corner	intersectionWithPrevNeighbourEndsAtCorner
app.freerouting.autoroute.SortedRoomNeighbours	intersection_with_next_neighbour_starts_at_corner	intersectionWithNextNeighbourStartsAtCorner
app.freerouting.autoroute.SortedRoomNeighbours	neighbours_touch	neighboursTouch
app.freerouting.autoroute.SortedRoomNeighbours	last_bounding_line_no	lastBoundingLineNo
app.freerouting.autoroute.SortedRoomNeighbours	first_bounding_line_no	firstBoundingLineNo
app.freerouting.autoroute.SortedRoomNeighbours	start_edge_line	startEdgeLine
app.freerouting.autoroute.SortedRoomNeighbours	middle_edge_line	middleEdgeLine
app.freerouting.autoroute.SortedRoomNeighbours	curr_touching_side_no	currTouchingSideNo
app.freerouting.autoroute.SortedRoomNeighbours	first_time	firstTime
app.freerouting.autoroute.SortedRoomNeighbours	corner_cut_off	cornerCutOff
app.freerouting.autoroute.SortedRoomNeighbours	cut_line_start	cutLineStart
app.freerouting.autoroute.SortedRoomNeighbours	cut_line_end	cutLineEnd
app.freerouting.autoroute.SortedRoomNeighbours	cut_line	cutLine
app.freerouting.autoroute.SortedRoomNeighbours	cut_half_plane	cutHalfPlane
app.freerouting.autoroute.SortedRoomNeighbours	next_touching_side_no	nextTouchingSideNo
app.freerouting.autoroute.SortedRoomNeighbours	middle_line_dir	middleLineDir
app.freerouting.autoroute.SortedRoomNeighbours	last_time	lastTime
app.freerouting.autoroute.SortedRoomNeighbours	end_edge_line	endEdgeLine
app.freerouting.autoroute.SortedRoomNeighbours	new_edge_line_count	newEdgeLineCount
app.freerouting.autoroute.SortedRoomNeighbours	new_edge_lines	newEdgeLines
app.freerouting.autoroute.SortedRoomNeighbours	curr_index	currIndex
app.freerouting.autoroute.SortedRoomNeighbours	search_tree_object	searchTreeObject
app.freerouting.autoroute.SortedRoomNeighbours	neighbour_shape	neighbourShape
app.freerouting.autoroute.SortedRoomNeighbours	precalculated_first_corner	precalculatedFirstCorner
app.freerouting.autoroute.SortedRoomNeighbours	precalculated_last_corner	precalculatedLastCorner
app.freerouting.autoroute.SortedRoomNeighbours	compare_value	compareValue
app.freerouting.autoroute.SortedRoomNeighbours	compare_corner	compareCorner
app.freerouting.autoroute.SortedRoomNeighbours	this_distance	thisDistance
app.freerouting.autoroute.SortedRoomNeighbours	other_distance	otherDistance
app.freerouting.autoroute.SortedRoomNeighbours	delta_distance	deltaDistance
app.freerouting.autoroute.SortedRoomNeighbours	this_distance2	thisDistance2
app.freerouting.autoroute.SortedRoomNeighbours	other_distance2	otherDistance2
app.freerouting.autoroute.SortedRoomNeighbours	compare_line_no	compareLineNo
app.freerouting.autoroute.SortedRoomNeighbours	compare_dir	compareDir
app.freerouting.autoroute.SortedRoomNeighbours	this_compare_line	thisCompareLine
app.freerouting.autoroute.SortedRoomNeighbours	other_compare_line	otherCompareLine
app.freerouting.autoroute.SortedRoomNeighbours	curr_first_corner	currFirstCorner
app.freerouting.autoroute.SortedRoomNeighbours	prev_line	prevLine
app.freerouting.autoroute.SortedRoomNeighbours	curr_last_corner	currLastCorner
app.freerouting.autoroute.SortedRoomNeighbours	next_line	nextLine
app.freerouting.autoroute.TargetItemExpansionDoor	tree_entry_no	treeEntryNo
app.freerouting.autoroute.TargetItemExpansionDoor	maze_search_info	mazeSearchInfo
app.freerouting.autoroute.TargetItemExpansionDoor	item_shape	itemShape
app.freerouting.autoroute.TargetItemExpansionDoor	item_info	itemInfo
app.freerouting.board.BasicBoard	item_list	itemList
app.freerouting.board.BasicBoard	layer_structure	layerStructure
app.freerouting.board.BasicBoard	bounding_box	boundingBox
app.freerouting.board.BasicBoard	search_tree_manager	searchTreeManager
app.freerouting.board.BasicBoard	update_box	updateBox
app.freerouting.board.BasicBoard	max_trace_half_width	maxTraceHalfWidth
app.freerouting.board.BasicBoard	min_trace_half_width	minTraceHalfWidth
app.freerouting.board.BasicBoard	input_stream	inputStream
app.freerouting.board.BasicBoard	object_stream	objectStream
app.freerouting.board.BasicBoard	output_stream	outputStream
app.freerouting.board.BasicBoard	new_trace	newTrace
app.freerouting.board.BasicBoard	clip_shape	clipShape
app.freerouting.board.BasicBoard	changed_area	changedArea
app.freerouting.board.BasicBoard	new_via	newVia
app.freerouting.board.BasicBoard	from_layer	fromLayer
app.freerouting.board.BasicBoard	to_layer	toLayer
app.freerouting.board.BasicBoard	new_pin	newPin
app.freerouting.board.BasicBoard	curr_item	currItem
app.freerouting.board.BasicBoard	curr_pin	currPin
app.freerouting.board.BasicBoard	something_changed	somethingChanged
app.freerouting.board.BasicBoard	picked_items	pickedItems
app.freerouting.board.BasicBoard	location_shape	locationShape
app.freerouting.board.BasicBoard	trace_split	traceSplit
app.freerouting.board.BasicBoard	curr_trace	currTrace
app.freerouting.board.BasicBoard	split_pieces	splitPieces
app.freerouting.board.BasicBoard	items_to_handle	itemsToHandle
app.freerouting.board.BasicBoard	next_connected_set	nextConnectedSet
app.freerouting.board.BasicBoard	default_tree	defaultTree
app.freerouting.board.BasicBoard	tile_shapes	tileShapes
app.freerouting.board.BasicBoard	curr_overlaps	currOverlaps
app.freerouting.board.BasicBoard	curr_shape	currShape
app.freerouting.board.BasicBoard	is_obstacle	isObstacle
app.freerouting.board.BasicBoard	tree_entries	treeEntries
app.freerouting.board.BasicBoard	ignore_net_nos	ignoreNetNos
app.freerouting.board.BasicBoard	obstacle_trace_shape	obstacleTraceShape
app.freerouting.board.BasicBoard	pin_shape	pinShape
app.freerouting.board.BasicBoard	tmp_trace	tmpTrace
app.freerouting.board.BasicBoard	contact_pins	contactPins
app.freerouting.board.BasicBoard	point_shape	pointShape
app.freerouting.board.BasicBoard	new_item	newItem
app.freerouting.board.BasicBoard	curr_area	currArea
app.freerouting.board.BasicBoard	fixed_state	fixedState
app.freerouting.board.BasicBoard	side_changed	sideChanged
app.freerouting.board.BasicBoard	net_no_arr	netNoArr
app.freerouting.board.BasicBoard	cancelled_objects	cancelledObjects
app.freerouting.board.BasicBoard	restored_objects	restoredObjects
app.freerouting.board.BasicBoard	found_items	foundItems
app.freerouting.board.BasicBoard	tail_at_endpoint_before	tailAtEndpointBefore
app.freerouting.board.BasicBoard	end_corners	endCorners
app.freerouting.board.BasicBoard	curr_layer	currLayer
app.freerouting.board.BasicBoard	curr_net_no_arr	currNetNoArr
app.freerouting.board.BasicBoard	connection_items	connectionItems
app.freerouting.board.BasicBoard	curr_ob	currOb
app.freerouting.board.BoardComparator	box1_ll_x	box1LlX
app.freerouting.board.BoardComparator	box1_ll_y	box1LlY
app.freerouting.board.BoardComparator	box1_ur_x	box1UrX
app.freerouting.board.BoardComparator	box1_ur_y	box1UrY
app.freerouting.board.BoardComparator	box2_ll_x	box2LlX
app.freerouting.board.BoardComparator	box2_ll_y	box2LlY
app.freerouting.board.BoardComparator	box2_ur_x	box2UrX
app.freerouting.board.BoardComparator	box2_ur_y	box2UrY
app.freerouting.board.describing	keepout_area	keepoutArea
app.freerouting.board.describing	keepout_lines	keepoutLines
app.freerouting.board.describing	keepout_outside_outline	keepoutOutsideOutline
app.freerouting.board.describing	tile_shapes	tileShapes
app.freerouting.board.describing	shape_count	shapeCount
app.freerouting.board.describing	color_arr	colorArr
app.freerouting.board.describing	draw_color	drawColor
app.freerouting.board.describing	hole_arr	holeArr
app.freerouting.board.describing	draw_corners	drawCorners
app.freerouting.board.describing	closed_draw_corners	closedDrawCorners
app.freerouting.board.describing	HALF_WIDTH	halfWIDTH
app.freerouting.board.CalcFromSide	border_intersection	borderIntersection
app.freerouting.board.CalcFromSide	fromside_no	fromsideNo
app.freerouting.board.CalcFromSide	border_intersection_found	borderIntersectionFound
app.freerouting.board.CalcFromSide	curr_seg	currSeg
app.freerouting.board.CalcFromSide	from_point	fromPoint
app.freerouting.board.CalcFromSide	check_line	checkLine
app.freerouting.board.CalcFromSide	min_dist	minDist
app.freerouting.board.CalcFromSide	edge_count	edgeCount
app.freerouting.board.CalcFromSide	curr_line	currLine
app.freerouting.board.CalcFromSide	curr_intersection	currIntersection
app.freerouting.board.CalcFromSide	curr_dist	currDist
app.freerouting.board.CalcFromSide	border_projection	borderProjection
app.freerouting.board.CalcFromSide	start_corner	startCorner
app.freerouting.board.CalcFromSide	end_corner	endCorner
app.freerouting.board.CalcFromSide	border_line_count	borderLineCount
app.freerouting.board.CalcFromSide	first_corner	firstCorner
app.freerouting.board.CalcFromSide	prev_side	prevSide
app.freerouting.board.CalcFromSide	front_side_no	frontSideNo
app.freerouting.board.CalcFromSide	next_corner	nextCorner
app.freerouting.board.CalcFromSide	next_side	nextSide
app.freerouting.board.CalcFromSide	min_distance	minDistance
app.freerouting.board.CalcFromSide	nearest_side	nearestSide
app.freerouting.board.CalcFromSide	border_line	borderLine
app.freerouting.board.CalcFromSide	side_start	sideStart
app.freerouting.board.CalcFromSide	side_end	sideEnd
app.freerouting.board.CalcFromSide	prev_corner	prevCorner
app.freerouting.board.CalcShapeAndFromSide	from_side	fromSide
app.freerouting.board.CalcShapeAndFromSide	search_tree	searchTree
app.freerouting.board.CalcShapeAndFromSide	curr_shape	currShape
app.freerouting.board.CalcShapeAndFromSide	curr_from_side	currFromSide
app.freerouting.board.CalcShapeAndFromSide	cut_off_at_start	cutOffAtStart
app.freerouting.board.CalcShapeAndFromSide	cut_off_at_end	cutOffAtEnd
app.freerouting.board.CalcShapeAndFromSide	end_cutline	endCutline
app.freerouting.board.CalcShapeAndFromSide	cut_plane	cutPlane
app.freerouting.board.CalcShapeAndFromSide	tmp_shape	tmpShape
app.freerouting.board.CalcShapeAndFromSide	start_cutline	startCutline
app.freerouting.board.CalcShapeAndFromSide	from_side_no	fromSideNo
app.freerouting.board.CalcShapeAndFromSide	curr_cut_line	currCutLine
app.freerouting.board.CalcShapeAndFromSide	border_intersection	borderIntersection
app.freerouting.board.CalcShapeAndFromSide	trace_lines	traceLines
app.freerouting.board.CalcShapeAndFromSide	curr_line	currLine
app.freerouting.board.CalcShapeAndFromSide	cut_line	cutLine
app.freerouting.board.ChangedArea	layer_count	layerCount
app.freerouting.board.ChangedArea	corner_count	cornerCount
app.freerouting.board.Communication	coordinate_transform	coordinateTransform
app.freerouting.board.Communication	specctra_parser_info	specctraParserInfo
app.freerouting.board.Communication	id_no_generator	idNoGenerator
app.freerouting.board.Communication	string_quote	stringQuote
app.freerouting.board.Communication	host_cad	hostCad
app.freerouting.board.Communication	host_version	hostVersion
app.freerouting.board.Communication	write_resolution	writeResolution
app.freerouting.board.Communication	dsn_file_generated_by_host	dsnFileGeneratedByHost
app.freerouting.board.Communication	char_name	charName
app.freerouting.board.Communication	positive_int	positiveInt
app.freerouting.board.Component	position_fixed	positionFixed
app.freerouting.board.Component	lib_package_front	libPackageFront
app.freerouting.board.Component	lib_package_back	libPackageBack
app.freerouting.board.Component	rotation_in_degree	rotationInDegree
app.freerouting.board.Component	logical_part	logicalPart
app.freerouting.board.Component	on_front	onFront
app.freerouting.board.Component	part_number	partNumber
app.freerouting.board.Component	turn_angle	turnAngle
app.freerouting.board.Component	lib_package	libPackage
app.freerouting.board.ComponentObstacleArea	color_arr	colorArr
app.freerouting.board.ComponentObstacleArea	front_draw_color	frontDrawColor
app.freerouting.board.ComponentObstacleArea	draw_width	drawWidth
app.freerouting.board.ComponentOutline	relative_area	relativeArea
app.freerouting.board.ComponentOutline	precalculated_absolute_area	precalculatedAbsoluteArea
app.freerouting.board.ComponentOutline	rotation_in_degree	rotationInDegree
app.freerouting.board.ComponentOutline	is_front	isFront
app.freerouting.board.ComponentOutline	is_courtyard	isCourtyard
app.freerouting.board.ComponentOutline	is_fabrication	isFabrication
app.freerouting.board.ComponentOutline	is_closed	isClosed
app.freerouting.board.ComponentOutline	color_arr	colorArr
app.freerouting.board.ComponentOutline	front_draw_color	frontDrawColor
app.freerouting.board.ComponentOutline	back_draw_color	backDrawColor
app.freerouting.board.ComponentOutline	draw_width	drawWidth
app.freerouting.board.ComponentOutline	rel_location	relLocation
app.freerouting.board.ComponentOutline	turn_angle	turnAngle
app.freerouting.board.ComponentOutline	new_translation	newTranslation
app.freerouting.board.ComponentOutline	turned_area	turnedArea
app.freerouting.board.Components	undo_list	undoList
app.freerouting.board.Components	component_arr	componentArr
app.freerouting.board.Components	flip_style_rotate_first	flipStyleRotateFirst
app.freerouting.board.Components	new_component	newComponent
app.freerouting.board.Components	component_name	componentName
app.freerouting.board.Components	curr_component	currComponent
app.freerouting.board.ConductionArea	is_obstacle	isObstacle
app.freerouting.board.ConductionArea	is_filled	isFilled
app.freerouting.board.ConductionArea	cached_fill_area	cachedFillArea
app.freerouting.board.ConductionArea	cached_fill_transform	cachedFillTransform
app.freerouting.board.ConductionArea	cached_board_revision	cachedBoardRevision
app.freerouting.board.ConductionArea	cached_board_fill_area	cachedBoardFillArea
app.freerouting.board.ConductionArea	curr_shape	currShape
app.freerouting.board.for	user_unit	userUnit
app.freerouting.board.for	user_unit_factor	userUnitFactor
app.freerouting.board.for	board_unit	boardUnit
app.freerouting.board.for	board_unit_factor	boardUnitFactor
app.freerouting.board.for	scale_factor	scaleFactor
app.freerouting.board.for	transformed_corners	transformedCorners
app.freerouting.board.for	precalculated_min_width	precalculatedMinWidth
app.freerouting.board.for	precalculated_first_layer	precalculatedFirstLayer
app.freerouting.board.for	precalculated_last_layer	precalculatedLastLayer
app.freerouting.board.for	new_center	newCenter
app.freerouting.board.for	old_center	oldCenter
app.freerouting.board.for	contact_trace_info	contactTraceInfo
app.freerouting.board.for	curr_trace_info	currTraceInfo
app.freerouting.board.for	connect_point_list	connectPointList
app.freerouting.board.for	add_corner	addCorner
app.freerouting.board.for	connect_points	connectPoints
app.freerouting.board.for	from_layer	fromLayer
app.freerouting.board.for	to_layer	toLayer
app.freerouting.board.for	curr_shape	currShape
app.freerouting.board.for	drill_center	drillCenter
app.freerouting.board.for	search_shape	searchShape
app.freerouting.board.for	min_width	minWidth
app.freerouting.board.for	begin_layer	beginLayer
app.freerouting.board.for	end_layer	endLayer
app.freerouting.board.for	curr_bounding_box	currBoundingBox
app.freerouting.board.for	visibility_factor	visibilityFactor
app.freerouting.board.for	layer_vis	layerVis
app.freerouting.board.for	layer_intensity	layerIntensity
app.freerouting.board.for	half_width	halfWidth
app.freerouting.board.for	clearance_type	clearanceType
app.freerouting.board.with	shape_center	shapeCenter
app.freerouting.board.with	offset_projection	offsetProjection
app.freerouting.board.with	line_arr	lineArr
app.freerouting.board.with	curr_dir	currDir
app.freerouting.board.with	check_line	checkLine
app.freerouting.board.with	pad_octagon	padOctagon
app.freerouting.board.with	diag_width	diagWidth
app.freerouting.board.with	search_tree	searchTree
app.freerouting.board.with	shape_entries	shapeEntries
app.freerouting.board.with	obstacles_shovable	obstaclesShovable
app.freerouting.board.with	new_via_center	newViaCenter
app.freerouting.board.with	ignore_items	ignoreItems
app.freerouting.board.with	trace_piece_count	tracePieceCount
app.freerouting.board.with	shove_trace_algo	shoveTraceAlgo
app.freerouting.board.with	is_orthogonal_mode	isOrthogonalMode
app.freerouting.board.with	curr_substitute_trace	currSubstituteTrace
app.freerouting.board.with	curr_line	currLine
app.freerouting.board.with	is_in_front	isInFront
app.freerouting.board.with	tails_exist_before	tailsExistBefore
app.freerouting.board.with	curr_net_no_arr	currNetNoArr
app.freerouting.board.with	end_corners	endCorners
app.freerouting.board.with	opt_area	optArea
app.freerouting.board.with	empty_arr	emptyArr
app.freerouting.board.with	offset_shape	offsetShape
app.freerouting.board.with	check_shape	checkShape
app.freerouting.board.with	forced_pad_algo	forcedPadAlgo
app.freerouting.board.with	via_shape	viaShape
app.freerouting.board.with	check_radius	checkRadius
app.freerouting.board.with	tile_shape	tileShape
app.freerouting.board.with	is_90_degree	is90Degree
app.freerouting.board.with	from_side	fromSide
app.freerouting.board.with	translate_vector	translateVector
app.freerouting.board.with	calc_from_side_offset	calcFromSideOffset
app.freerouting.board.with	via_padstack	viaPadstack
app.freerouting.board.with	hole_shape	holeShape
app.freerouting.board.with	curr_pad_shape	currPadShape
app.freerouting.board.with	curr_clearance_class	currClearanceClass
app.freerouting.board.with	hole_tile	holeTile
app.freerouting.board.with	start_trace_circle	startTraceCircle
app.freerouting.board.with	start_trace_shape	startTraceShape
app.freerouting.board.with	hole_clearance	holeClearance
app.freerouting.board.with	drill_radius	drillRadius
app.freerouting.board.with	via_box	viaBox
app.freerouting.board.with	check_point	checkPoint
app.freerouting.board.with	border_x	borderX
app.freerouting.board.with	border_y	borderY
app.freerouting.board.with	from_side_no	fromSideNo
app.freerouting.board.with	curr_border_point	currBorderPoint
app.freerouting.board.with	border_dist	borderDist
app.freerouting.board.of	id_no	idNo
app.freerouting.board.of	smallest_clearance	smallestClearance
app.freerouting.board.of	component_no	componentNo
app.freerouting.board.of	net_no_arr	netNoArr
app.freerouting.board.of	clearance_class	clearanceClass
app.freerouting.board.of	search_trees_info	searchTreesInfo
app.freerouting.board.of	fixed_state	fixedState
app.freerouting.board.of	on_the_board	onTheBoard
app.freerouting.board.of	autoroute_info	autorouteInfo
app.freerouting.board.of	precalculated_tree_shapes	precalculatedTreeShapes
app.freerouting.board.of	max_first_layer	maxFirstLayer
app.freerouting.board.of	min_last_layer	minLastLayer
app.freerouting.board.of	default_tree	defaultTree
app.freerouting.board.of	curr_tile_shape	currTileShape
app.freerouting.board.of	curr_overlapping_items	currOverlappingItems
app.freerouting.board.of	is_obstacle	isObstacle
app.freerouting.board.of	contact_point	contactPoint
app.freerouting.board.of	contact_found	contactFound
app.freerouting.board.of	curr_contacts	currContacts
app.freerouting.board.of	shape_1	shape1
app.freerouting.board.of	shape_2	shape2
app.freerouting.board.of	minimum_clearance	minimumClearance
app.freerouting.board.of	actual_clearance	actualClearance
app.freerouting.board.of	enlarged_shape_1	enlargedShape1
app.freerouting.board.of	enlarged_shape_2	enlargedShape2
app.freerouting.board.of	cl_offset	clOffset
app.freerouting.board.of	curr_violation	currViolation
app.freerouting.board.of	overlapping_items	overlappingItems
app.freerouting.board.of	contacts_on_layer	contactsOnLayer
app.freerouting.board.of	contact_list	contactList
app.freerouting.board.of	prev_contact_point	prevContactPoint
app.freerouting.board.of	prev_contact_layer	prevContactLayer
app.freerouting.board.of	check_contacts	checkContacts
app.freerouting.board.of	curr_ob_contacts	currObContacts
app.freerouting.board.of	next_contact_point	nextContactPoint
app.freerouting.board.of	next_contact_layer	nextContactLayer
app.freerouting.board.of	next_contact	nextContact
app.freerouting.board.of	fork_found	forkFound
app.freerouting.board.of	tmp_contact_layer	tmpContactLayer
app.freerouting.board.of	tmp_contact_point	tmpContactPoint
app.freerouting.board.of	color_arr	colorArr
app.freerouting.board.of	layer_colors	layerColors
app.freerouting.board.of	curr_shape	currShape
app.freerouting.board.of	found_index	foundIndex
app.freerouting.board.of	new_net_no_arr	newNetNoArr
app.freerouting.board.of	curr_net	currNet
app.freerouting.board.of	contact_count	contactCount
app.freerouting.board.of	clearance_violations	clearanceViolations
app.freerouting.board.of	violation_count	violationCount
app.freerouting.board.of	trace_contact_list	traceContactList
app.freerouting.board.ItemIdentificationNumberGenerator	last_generated_id_no	lastGeneratedIdNo
app.freerouting.board.ItemSearchTreesInfo	tree_list	treeList
app.freerouting.board.ItemSearchTreesInfo	new_tree_info	newTreeInfo
app.freerouting.board.ItemSearchTreesInfo	entry_arr	entryArr
app.freerouting.board.ItemSearchTreesInfo	precalculated_tree_shapes	precalculatedTreeShapes
app.freerouting.board.Layer	is_signal	isSignal
app.freerouting.board.LayerStructure	found_signal_layers	foundSignalLayers
app.freerouting.board.LayerStructure	curr_signal_layer	currSignalLayer
app.freerouting.board.for	translate_vector	translateVector
app.freerouting.board.for	max_recursion_depth	maxRecursionDepth
app.freerouting.board.for	max_via_recursion_depth	maxViaRecursionDepth
app.freerouting.board.for	item_group_arr	itemGroupArr
app.freerouting.board.for	all_items_movable	allItemsMovable
app.freerouting.board.for	item_group_list	itemGroupList
app.freerouting.board.for	component_no	componentNo
app.freerouting.board.for	item_centers	itemCenters
app.freerouting.board.for	curr_item_movable	currItemMovable
app.freerouting.board.for	gravity_x	gravityX
app.freerouting.board.for	gravity_y	gravityY
app.freerouting.board.for	gravity_point	gravityPoint
app.freerouting.board.for	curr_item	currItem
app.freerouting.board.for	item_center	itemCenter
app.freerouting.board.for	compare_vector	compareVector
app.freerouting.board.for	curr_projection	currProjection
app.freerouting.board.for	time_limit	timeLimit
app.freerouting.board.for	ignore_items	ignoreItems
app.freerouting.board.for	move_ok	moveOk
app.freerouting.board.RoutingBoard	contact_list	contactList
app.freerouting.board.RoutingBoard	ignore_items	ignoreItems
app.freerouting.board.RoutingBoard	forced_pad_algo	forcedPadAlgo
app.freerouting.board.RoutingBoard	attach_allowed	attachAllowed
app.freerouting.board.RoutingBoard	search_tree	searchTree
app.freerouting.board.RoutingBoard	curr_ind	currInd
app.freerouting.board.RoutingBoard	curr_shape	currShape
app.freerouting.board.RoutingBoard	new_shape	newShape
app.freerouting.board.RoutingBoard	curr_tile_shape	currTileShape
app.freerouting.board.RoutingBoard	from_side	fromSide
app.freerouting.board.RoutingBoard	curr_bounding_box	currBoundingBox
app.freerouting.board.RoutingBoard	shape_entries	shapeEntries
app.freerouting.board.RoutingBoard	shape_radius	shapeRadius
app.freerouting.board.RoutingBoard	try_via_centers	tryViaCenters
app.freerouting.board.RoutingBoard	new_via_center	newViaCenter
app.freerouting.board.RoutingBoard	max_dist	maxDist
app.freerouting.board.RoutingBoard	max_dist_square	maxDistSquare
app.freerouting.board.RoutingBoard	curr_via_center	currViaCenter
app.freerouting.board.RoutingBoard	check_via_center	checkViaCenter
app.freerouting.board.RoutingBoard	rel_coor	relCoor
app.freerouting.board.RoutingBoard	shove_ok	shoveOk
app.freerouting.board.RoutingBoard	curr_via_shape	currViaShape
app.freerouting.board.RoutingBoard	is_int_octagon	isIntOctagon
app.freerouting.board.RoutingBoard	clearance_value	clearanceValue
app.freerouting.board.RoutingBoard	shove_distance	shoveDistance
app.freerouting.board.RoutingBoard	try_count	tryCount
app.freerouting.board.RoutingBoard	curr_offset_box	currOffsetBox
app.freerouting.board.RoutingBoard	curr_offset_octagon	currOffsetOctagon
app.freerouting.board.RoutingBoard	curr_offset_shape	currOffsetShape
app.freerouting.board.RoutingBoard	shove_deltas	shoveDeltas
app.freerouting.board.RoutingBoard	curr_delta	currDelta
app.freerouting.board.ObstacleArea	relative_area	relativeArea
app.freerouting.board.ObstacleArea	precalculated_absolute_area	precalculatedAbsoluteArea
app.freerouting.board.ObstacleArea	rotation_in_degree	rotationInDegree
app.freerouting.board.ObstacleArea	side_changed	sideChanged
app.freerouting.board.ObstacleArea	copied_net_nos	copiedNetNos
app.freerouting.board.ObstacleArea	turned_area	turnedArea
app.freerouting.board.ObstacleArea	tile_shapes	tileShapes
app.freerouting.board.ObstacleArea	rel_location	relLocation
app.freerouting.board.ObstacleArea	turn_angle	turnAngle
app.freerouting.board.ObstacleArea	new_translation	newTranslation
app.freerouting.board.ObstacleArea	default_tree	defaultTree
app.freerouting.board.ObstacleArea	cmp_no	cmpNo
app.freerouting.board.ObstacleArea	hole_count	holeCount
app.freerouting.board.OptViaAlgo	is_plane_or_fanout_via	isPlaneOrFanoutVia
app.freerouting.board.OptViaAlgo	first_trace	firstTrace
app.freerouting.board.OptViaAlgo	second_trace	secondTrace
app.freerouting.board.OptViaAlgo	curr_item	currItem
app.freerouting.board.OptViaAlgo	via_center	viaCenter
app.freerouting.board.OptViaAlgo	first_layer	firstLayer
app.freerouting.board.OptViaAlgo	second_layer	secondLayer
app.freerouting.board.OptViaAlgo	first_trace_from_corner	firstTraceFromCorner
app.freerouting.board.OptViaAlgo	second_trace_from_corner	secondTraceFromCorner
app.freerouting.board.OptViaAlgo	first_layer_trace_costs	firstLayerTraceCosts
app.freerouting.board.OptViaAlgo	second_layer_trace_costs	secondLayerTraceCosts
app.freerouting.board.OptViaAlgo	new_location	newLocation
app.freerouting.board.OptViaAlgo	picked_items	pickedItems
app.freerouting.board.OptViaAlgo	contact_list	contactList
app.freerouting.board.OptViaAlgo	contact_plane	contactPlane
app.freerouting.board.OptViaAlgo	contact_trace	contactTrace
app.freerouting.board.OptViaAlgo	at_first_corner	atFirstCorner
app.freerouting.board.OptViaAlgo	trace_polyline	tracePolyline
app.freerouting.board.OptViaAlgo	check_corner	checkCorner
app.freerouting.board.OptViaAlgo	rounded_check_corner	roundedCheckCorner
app.freerouting.board.OptViaAlgo	trace_half_width	traceHalfWidth
app.freerouting.board.OptViaAlgo	trace_layer	traceLayer
app.freerouting.board.OptViaAlgo	trace_cl_class_no	traceClClassNo
app.freerouting.board.OptViaAlgo	new_via_location	newViaLocation
app.freerouting.board.OptViaAlgo	prev_corner	prevCorner
app.freerouting.board.OptViaAlgo	float_check_corner	floatCheckCorner
app.freerouting.board.OptViaAlgo	float_via_center	floatViaCenter
app.freerouting.board.OptViaAlgo	float_prev_corner	floatPrevCorner
app.freerouting.board.OptViaAlgo	curr_line	currLine
app.freerouting.board.OptViaAlgo	diff_vector	diffVector
app.freerouting.board.OptViaAlgo	projection_ok	projectionOk
app.freerouting.board.OptViaAlgo	angle_restriction	angleRestriction
app.freerouting.board.OptViaAlgo	ok_length	okLength
app.freerouting.board.OptViaAlgo	contact_ok	contactOk
app.freerouting.board.OptViaAlgo	from_location	fromLocation
app.freerouting.board.OptViaAlgo	float_from_location	floatFromLocation
app.freerouting.board.OptViaAlgo	float_to_location	floatToLocation
app.freerouting.board.OptViaAlgo	new_float_to_location	newFloatToLocation
app.freerouting.board.OptViaAlgo	new_to_location	newToLocation
app.freerouting.board.OptViaAlgo	check_ok	checkOk
app.freerouting.board.OptViaAlgo	c_min_length	cMinLength
app.freerouting.board.OptViaAlgo	curr_length	currLength
app.freerouting.board.OptViaAlgo	check_point	checkPoint
app.freerouting.board.OptViaAlgo	net_no_arr	netNoArr
app.freerouting.board.OptViaAlgo	via_location	viaLocation
app.freerouting.board.OptViaAlgo	first_delta	firstDelta
app.freerouting.board.OptViaAlgo	second_delta	secondDelta
app.freerouting.board.OptViaAlgo	scalar_product	scalarProduct
app.freerouting.board.OptViaAlgo	float_via_location	floatViaLocation
app.freerouting.board.OptViaAlgo	float_first_trace_from_corner	floatFirstTraceFromCorner
app.freerouting.board.OptViaAlgo	float_second_trace_from_corner	floatSecondTraceFromCorner
app.freerouting.board.OptViaAlgo	first_trace_from_corner_distance	firstTraceFromCornerDistance
app.freerouting.board.OptViaAlgo	second_trace_from_corner_distance	secondTraceFromCornerDistance
app.freerouting.board.OptViaAlgo	rounded_first_trace_from_corner	roundedFirstTraceFromCorner
app.freerouting.board.OptViaAlgo	rounded_second_trace_from_corner	roundedSecondTraceFromCorner
app.freerouting.board.OptViaAlgo	curr_weighted_distance_1	currWeightedDistance1
app.freerouting.board.OptViaAlgo	curr_weighted_distance_2	currWeightedDistance2
app.freerouting.board.OptViaAlgo	to_point_1	toPoint1
app.freerouting.board.OptViaAlgo	to_point_2	toPoint2
app.freerouting.board.OptViaAlgo	float_to_point_1	floatToPoint1
app.freerouting.board.OptViaAlgo	float_to_point_2	floatToPoint2
app.freerouting.board.OptViaAlgo	float_check_location	floatCheckLocation
app.freerouting.board.OptViaAlgo	curr_weighted_distance_3	currWeightedDistance3
app.freerouting.board.OptViaAlgo	check_location	checkLocation
app.freerouting.board.describing	pin_no	pinNo
app.freerouting.board.describing	changed_to	changedTo
app.freerouting.board.describing	precalculated_shapes	precalculatedShapes
app.freerouting.board.describing	lib_package	libPackage
app.freerouting.board.describing	package_pin	packagePin
app.freerouting.board.describing	rel_location	relLocation
app.freerouting.board.describing	component_rotation	componentRotation
app.freerouting.board.describing	component_ninety_degree_factor	componentNinetyDegreeFactor
app.freerouting.board.describing	location_approx	locationApprox
app.freerouting.board.describing	pin_center	pinCenter
app.freerouting.board.describing	from_layer	fromLayer
app.freerouting.board.describing	to_layer	toLayer
app.freerouting.board.describing	curr_shape	currShape
app.freerouting.board.describing	padstack_no	padstackNo
app.freerouting.board.describing	curr_net_no_arr	currNetNoArr
app.freerouting.board.describing	mirror_at_y_axis	mirrorAtYAxis
app.freerouting.board.describing	component_translation	componentTranslation
app.freerouting.board.describing	padstack_layer	padstackLayer
app.freerouting.board.describing	pin_rotation	pinRotation
app.freerouting.board.describing	pin_ninety_degree_factor	pinNinetyDegreeFactor
app.freerouting.board.describing	translated_shape	translatedShape
app.freerouting.board.describing	pad_xy_factor	padXyFactor
app.freerouting.board.describing	padstack_exit_directions	padstackExitDirections
app.freerouting.board.describing	center_approx	centerApprox
app.freerouting.board.describing	curr_rotation_in_degree	currRotationInDegree
app.freerouting.board.describing	curr_exit_direction	currExitDirection
app.freerouting.board.describing	fortyfive_degree_factor	fortyfiveDegreeFactor
app.freerouting.board.describing	curr_angle_in_radian	currAngleInRadian
app.freerouting.board.describing	intersecting_border_line_no	intersectingBorderLineNo
app.freerouting.board.describing	curr_exit_line	currExitLine
app.freerouting.board.describing	nearest_border_point	nearestBorderPoint
app.freerouting.board.describing	curr_exit_restriction	currExitRestriction
app.freerouting.board.describing	curr_exit_restrictions	currExitRestrictions
app.freerouting.board.describing	logical_part	logicalPart
app.freerouting.board.describing	this_part_pin	thisPartPin
app.freerouting.board.describing	curr_part_pin	currPartPin
app.freerouting.board.describing	curr_swappeble_pin	currSwappeblePin
app.freerouting.board.describing	this_net_no	thisNetNo
app.freerouting.board.describing	other_net_no	otherNetNo
app.freerouting.board.describing	padstack_shape	padstackShape
app.freerouting.board.describing	padstack_bounding_box	padstackBoundingBox
app.freerouting.board.describing	component_name	componentName
app.freerouting.board.describing	pin_name	pinName
app.freerouting.board.describing	padstack_name	padstackName
app.freerouting.board.describing	trace_exit_restrictions	traceExitRestrictions
app.freerouting.board.describing	pin_shape	pinShape
app.freerouting.board.describing	edge_to_turn_dist	edgeToTurnDist
app.freerouting.board.describing	offset_pin_shape	offsetPinShape
app.freerouting.board.describing	latest_entry_tuple	latestEntryTuple
app.freerouting.board.describing	trace_entry_location_approx	traceEntryLocationApprox
app.freerouting.board.describing	min_exit_corner_distance	minExitCornerDistance
app.freerouting.board.describing	nearest_exit_corner	nearestExitCorner
app.freerouting.board.describing	pin_exit_direction	pinExitDirection
app.freerouting.board.describing	curr_intersecting_border_line_no	currIntersectingBorderLineNo
app.freerouting.board.describing	curr_pin_exit_ray	currPinExitRay
app.freerouting.board.describing	curr_exit_corner	currExitCorner
app.freerouting.board.describing	curr_exit_corner_distance	currExitCornerDistance
app.freerouting.board.describing	new_nearest_corner_found	newNearestCornerFound
app.freerouting.board.describing	curr_trace_corner	currTraceCorner
app.freerouting.board.describing	curr_trace_corner_distance	currTraceCornerDistance
app.freerouting.board.describing	old_trace_corner_distance	oldTraceCornerDistance
app.freerouting.board.describing	min_length	minLength
app.freerouting.board.Trace	curr_net_no_arr	currNetNoArr
app.freerouting.board.Trace	display_width	displayWidth
app.freerouting.board.Trace	something_changed	somethingChanged
app.freerouting.board.Trace	start_corner	startCorner
app.freerouting.board.Trace	other_trace	otherTrace
app.freerouting.board.Trace	trace_found	traceFound
app.freerouting.board.Trace	reverse_order	reverseOrder
app.freerouting.board.Trace	this_lines	thisLines
app.freerouting.board.Trace	other_lines	otherLines
app.freerouting.board.Trace	skip_line	skipLine
app.freerouting.board.Trace	new_line_count	newLineCount
app.freerouting.board.Trace	new_lines	newLines
app.freerouting.board.Trace	join_pos	joinPos
app.freerouting.board.Trace	joined_polyline	joinedPolyline
app.freerouting.board.Trace	to_no	toNo
app.freerouting.board.Trace	end_corner	endCorner
app.freerouting.board.Trace	own_trace_split	ownTraceSplit
app.freerouting.board.Trace	default_tree	defaultTree
app.freerouting.board.Trace	curr_segment	currSegment
app.freerouting.board.Trace	curr_shape	currShape
app.freerouting.board.Trace	curr_line_segment	currLineSegment
app.freerouting.board.Trace	overlapping_tree_entries	overlappingTreeEntries
app.freerouting.board.Trace	found_entry	foundEntry
app.freerouting.board.Trace	found_line_segment	foundLineSegment
app.freerouting.board.Trace	intersecting_lines	intersectingLines
app.freerouting.board.Trace	split_pieces	splitPieces
app.freerouting.board.Trace	found_trace_split	foundTraceSplit
app.freerouting.board.Trace	line_no	lineNo
app.freerouting.board.Trace	curr_split_pieces	currSplitPieces
app.freerouting.board.Trace	curr_piece	currPiece
app.freerouting.board.Trace	split_point	splitPoint
app.freerouting.board.Trace	split_line_direction	splitLineDirection
app.freerouting.board.Trace	split_line	splitLine
app.freerouting.board.Trace	ignore_areas	ignoreAreas
app.freerouting.board.Trace	curr_net	currNet
app.freerouting.board.Trace	overlap_items	overlapItems
app.freerouting.board.Trace	pad_found	padFound
app.freerouting.board.Trace	split_polylines	splitPolylines
app.freerouting.board.Trace	observers_activated	observersActivated
app.freerouting.board.Trace	routing_board	routingBoard
app.freerouting.board.Trace	trace_combined	traceCombined
app.freerouting.board.Trace	angle_restriction	angleRestriction
app.freerouting.board.Trace	opt_net_no_arr	optNetNoArr
app.freerouting.board.Trace	pull_tight_algo	pullTightAlgo
app.freerouting.board.Trace	last_index	lastIndex
app.freerouting.board.Trace	index_of_first_different_line	indexOfFirstDifferentLine
app.freerouting.board.Trace	index_of_last_different_line	indexOfLastDifferentLine
app.freerouting.board.Trace	keep_at_start_count	keepAtStartCount
app.freerouting.board.Trace	keep_at_end_count	keepAtEndCount
app.freerouting.board.Trace	clip_shape	clipShape
app.freerouting.board.Trace	changed_area	changedArea
app.freerouting.board.Trace	contact_list	contactList
app.freerouting.board.Trace	contact_pin	contactPin
app.freerouting.board.Trace	trace_exit_restrictions	traceExitRestrictions
app.freerouting.board.Trace	prev_end_corner	prevEndCorner
app.freerouting.board.Trace	trace_end_direction	traceEndDirection
app.freerouting.board.Trace	matching_exit_restriction	matchingExitRestriction
app.freerouting.board.Trace	edge_to_turn_dist	edgeToTurnDist
app.freerouting.board.Trace	end_line_length	endLineLength
app.freerouting.board.Trace	curr_clearance	currClearance
app.freerouting.board.Trace	add_width	addWidth
app.freerouting.board.Trace	preserve_length	preserveLength
app.freerouting.board.Trace	trace_polyline	tracePolyline
app.freerouting.board.Trace	pin_shape	pinShape
app.freerouting.board.Trace	pin_center	pinCenter
app.freerouting.board.Trace	offset_pin_shape	offsetPinShape
app.freerouting.board.Trace	latest_entry_tuple	latestEntryTuple
app.freerouting.board.Trace	trace_entry_location_approx	traceEntryLocationApprox
app.freerouting.board.Trace	min_exit_corner_distance	minExitCornerDistance
app.freerouting.board.Trace	nearest_pin_exit_ray	nearestPinExitRay
app.freerouting.board.Trace	nearest_border_line_no	nearestBorderLineNo
app.freerouting.board.Trace	pin_exit_direction	pinExitDirection
app.freerouting.board.Trace	nearest_exit_corner	nearestExitCorner
app.freerouting.board.Trace	curr_intersecting_border_line_no	currIntersectingBorderLineNo
app.freerouting.board.Trace	curr_pin_exit_ray	currPinExitRay
app.freerouting.board.Trace	curr_exit_corner	currExitCorner
app.freerouting.board.Trace	curr_exit_corner_distance	currExitCornerDistance
app.freerouting.board.Trace	new_nearest_corner_found	newNearestCornerFound
app.freerouting.board.Trace	curr_trace_corner	currTraceCorner
app.freerouting.board.Trace	curr_trace_corner_distance	currTraceCornerDistance
app.freerouting.board.Trace	old_trace_corner_distance	oldTraceCornerDistance
app.freerouting.board.Trace	curr_lines	currLines
app.freerouting.board.Trace	corner_count	cornerCount
app.freerouting.board.Trace	clock_wise_side_diff	clockWiseSideDiff
app.freerouting.board.Trace	counter_clock_wise_side_diff	counterClockWiseSideDiff
app.freerouting.board.Trace	curr_border_line_no	currBorderLineNo
app.freerouting.board.Trace	border_polyline	borderPolyline
app.freerouting.board.Trace	cut_lines	cutLines
app.freerouting.board.Trace	cut_polyline	cutPolyline
app.freerouting.board.Trace	changed_polyline	changedPolyline
app.freerouting.board.Trace	exit_line_segment	exitLineSegment
app.freerouting.board.Trace	curr_contact	currContact
app.freerouting.board.Trace	contact_polyline	contactPolyline
app.freerouting.board.Trace	contact_last_line	contactLastLine
app.freerouting.board.Trace	first_line	firstLine
app.freerouting.board.Trace	check_swap	checkSwap
app.freerouting.board.Trace	half_width	halfWidth
app.freerouting.board.Trace	curr_contacts	currContacts
app.freerouting.board.Trace	combined_polyline	combinedPolyline
app.freerouting.board.Trace	nearest_pin_exit_direction	nearestPinExitDirection
app.freerouting.board.used	center_string	centerString
app.freerouting.board.used	radius_string	radiusString
app.freerouting.board.used	lower_left	lowerLeft
app.freerouting.board.used	upper_right	upperRight
app.freerouting.board.used	corner_arr	cornerArr
app.freerouting.board.with	only_net_no_arr	onlyNetNoArr
app.freerouting.board.with	stoppable_thread	stoppableThread
app.freerouting.board.with	time_limit	timeLimit
app.freerouting.board.with	keep_point	keepPoint
app.freerouting.board.with	keep_point_layer	keepPointLayer
app.freerouting.board.with	curr_layer	currLayer
app.freerouting.board.with	curr_half_width	currHalfWidth
app.freerouting.board.with	curr_cl_type	currClType
app.freerouting.board.with	curr_clip_shape	currClipShape
app.freerouting.board.with	contact_pins	contactPins
app.freerouting.board.with	min_translate_dist	minTranslateDist
app.freerouting.board.with	angle_restriction	angleRestriction
app.freerouting.board.with	something_changed	somethingChanged
app.freerouting.board.with	changed_region	changedRegion
app.freerouting.board.with	changed_area_offset	changedAreaOffset
app.freerouting.board.with	time_limit_exceeded	timeLimitExceeded
app.freerouting.board.with	new_line	newLine
app.freerouting.board.with	curr_corner	currCorner
app.freerouting.board.with	translate_line	translateLine
app.freerouting.board.with	prev_corner	prevCorner
app.freerouting.board.with	next_corner	nextCorner
app.freerouting.board.with	prev_dist	prevDist
app.freerouting.board.with	next_dist	nextDist
app.freerouting.board.with	nearest_point	nearestPoint
app.freerouting.board.with	max_translate_dist	maxTranslateDist
app.freerouting.board.with	translate_dist	translateDist
app.freerouting.board.with	delta_dist	deltaDist
app.freerouting.board.with	side_of_nearest_point	sideOfNearestPoint
app.freerouting.board.with	check_lines	checkLines
app.freerouting.board.with	first_time	firstTime
app.freerouting.board.with	check_ok	checkOk
app.freerouting.board.with	new_line_side_of_nearest_point	newLineSideOfNearestPoint
app.freerouting.board.with	shorten_value	shortenValue
app.freerouting.board.with	shape_to_check	shapeToCheck
app.freerouting.board.with	polyline_changed	polylineChanged
app.freerouting.board.with	curr_polyline	currPolyline
app.freerouting.board.with	try_skip	trySkip
app.freerouting.board.with	curr_lines	currLines
app.freerouting.board.with	saved_contact_pins	savedContactPins
app.freerouting.board.with	connection_to_trace_improved	connectionToTraceImproved
app.freerouting.board.with	curr_trace	currTrace
app.freerouting.board.with	adjusted_polyline	adjustedPolyline
app.freerouting.board.with	trace_layer	traceLayer
app.freerouting.board.with	curr_cl_class	currClClass
app.freerouting.board.with	curr_fixed_state	currFixedState
app.freerouting.board.with	adj_ins_trace	adjInsTrace
app.freerouting.board.with	picked_items	pickedItems
app.freerouting.board.with	split_pieces	splitPieces
app.freerouting.board.with	new_polyline	newPolyline
app.freerouting.board.PullTightAlgo45	new_result	newResult
app.freerouting.board.PullTightAlgo45	prev_result	prevResult
app.freerouting.board.PullTightAlgo45	new_corner_count	newCornerCount
app.freerouting.board.PullTightAlgo45	curr_corner	currCorner
app.freerouting.board.PullTightAlgo45	curr_corner_in_clip_shape	currCornerInClipShape
app.freerouting.board.PullTightAlgo45	polyline_changed	polylineChanged
app.freerouting.board.PullTightAlgo45	new_corners	newCorners
app.freerouting.board.PullTightAlgo45	curr_check_points	currCheckPoints
app.freerouting.board.PullTightAlgo45	new_corner	newCorner
app.freerouting.board.PullTightAlgo45	corner_no	cornerNo
app.freerouting.board.PullTightAlgo45	corner_removed	cornerRemoved
app.freerouting.board.PullTightAlgo45	check_polyline	checkPolyline
app.freerouting.board.PullTightAlgo45	shape_to_check	shapeToCheck
app.freerouting.board.PullTightAlgo45	curr_layer	currLayer
app.freerouting.board.PullTightAlgo45	adjusted_corners	adjustedCorners
app.freerouting.board.PullTightAlgo45	line_arr	lineArr
app.freerouting.board.PullTightAlgo45	new_line	newLine
app.freerouting.board.PullTightAlgo45	tmp_lines	tmpLines
app.freerouting.board.PullTightAlgo45	prev_corner	prevCorner
app.freerouting.board.PullTightAlgo45	next_corner	nextCorner
app.freerouting.board.PullTightAlgo45	prev_dir	prevDir
app.freerouting.board.PullTightAlgo45	next_dir	nextDir
app.freerouting.board.PullTightAlgo45	new_line_dir	newLineDir
app.freerouting.board.PullTightAlgo45	translate_line	translateLine
app.freerouting.board.PullTightAlgo45	translate_dist	translateDist
app.freerouting.board.PullTightAlgo45	prev_dist	prevDist
app.freerouting.board.PullTightAlgo45	next_dist	nextDist
app.freerouting.board.PullTightAlgo45	prev_line	prevLine
app.freerouting.board.PullTightAlgo45	next_line	nextLine
app.freerouting.board.PullTightAlgo45	new_x	newX
app.freerouting.board.PullTightAlgo45	new_y	newY
app.freerouting.board.PullTightAlgo45	new_line_is_vertical	newLineIsVertical
app.freerouting.board.PullTightAlgo45	new_line_is_horizontal	newLineIsHorizontal
app.freerouting.board.PullTightAlgo45	line_a	lineA
app.freerouting.board.PullTightAlgo45	max_translate_dist	maxTranslateDist
app.freerouting.board.PullTightAlgo45	nearest_corner	nearestCorner
app.freerouting.board.PullTightAlgo45	check_lines	checkLines
app.freerouting.board.PullTightAlgo45	delta_dist	deltaDist
app.freerouting.board.PullTightAlgo45	side_of_nearest_corner	sideOfNearestCorner
app.freerouting.board.PullTightAlgo45	check_ok	checkOk
app.freerouting.board.PullTightAlgo45	new_line_side_of_nearest_corner	newLineSideOfNearestCorner
app.freerouting.board.PullTightAlgo45	shorten_value	shortenValue
app.freerouting.board.PullTightAlgo45	new_prev_corner	newPrevCorner
app.freerouting.board.PullTightAlgo45	new_next_corner	newNextCorner
app.freerouting.board.PullTightAlgo45	acute_angle	acuteAngle
app.freerouting.board.PullTightAlgo45	other_trace_corner_approx	otherTraceCornerApprox
app.freerouting.board.PullTightAlgo45	other_trace_line	otherTraceLine
app.freerouting.board.PullTightAlgo45	other_prev_trace_line	otherPrevTraceLine
app.freerouting.board.PullTightAlgo45	trace_polyline	tracePolyline
app.freerouting.board.PullTightAlgo45	curr_end_corner	currEndCorner
app.freerouting.board.PullTightAlgo45	curr_prev_end_corner	currPrevEndCorner
app.freerouting.board.PullTightAlgo45	prev_corner_side	prevCornerSide
app.freerouting.board.PullTightAlgo45	line_direction	lineDirection
app.freerouting.board.PullTightAlgo45	prev_line_direction	prevLineDirection
app.freerouting.board.PullTightAlgo45	contact_list	contactList
app.freerouting.board.PullTightAlgo45	contact_trace_polyline	contactTracePolyline
app.freerouting.board.PullTightAlgo45	curr_other_trace_corner_approx	currOtherTraceCornerApprox
app.freerouting.board.PullTightAlgo45	curr_other_trace_line	currOtherTraceLine
app.freerouting.board.PullTightAlgo45	curr_other_prev_trace_line	currOtherPrevTraceLine
app.freerouting.board.PullTightAlgo45	curr_corner_no	currCornerNo
app.freerouting.board.PullTightAlgo45	curr_prev_corner_side	currPrevCornerSide
app.freerouting.board.PullTightAlgo45	curr_projection	currProjection
app.freerouting.board.PullTightAlgo45	other_trace_found	otherTraceFound
app.freerouting.board.PullTightAlgo45	prev_corner_dist	prevCornerDist
app.freerouting.board.PullTightAlgo45	other_dist	otherDist
app.freerouting.board.PullTightAlgo45	add_line	addLine
app.freerouting.board.PullTightAlgo45	new_lines	newLines
app.freerouting.board.PullTightAlgo45	check_line_arr	checkLineArr
app.freerouting.board.PullTightAlgo90	new_result	newResult
app.freerouting.board.PullTightAlgo90	prev_result	prevResult
app.freerouting.board.PullTightAlgo90	check_lines	checkLines
app.freerouting.board.PullTightAlgo90	check_polyline	checkPolyline
app.freerouting.board.PullTightAlgo90	shape_to_check	shapeToCheck
app.freerouting.board.PullTightAlgo90	curr_layer	currLayer
app.freerouting.board.PullTightAlgo90	new_lines	newLines
app.freerouting.board.PullTightAlgo90	new_line_index	newLineIndex
app.freerouting.board.PullTightAlgo90	polyline_changed	polylineChanged
app.freerouting.board.PullTightAlgo90	second_last_corner_skipped	secondLastCornerSkipped
app.freerouting.board.PullTightAlgo90	skip_lines	skipLines
app.freerouting.board.PullTightAlgo90	in_clip_shape	inClipShape
app.freerouting.board.PullTightAlgo90	new_corner	newCorner
app.freerouting.board.PullTightAlgo90	skipped_corner	skippedCorner
app.freerouting.board.PullTightAlgo90	cleaned_new_lines	cleanedNewLines
app.freerouting.board.containing	new_result	newResult
app.freerouting.board.containing	prev_result	prevResult
app.freerouting.board.containing	last_index	lastIndex
app.freerouting.board.containing	new_lines	newLines
app.freerouting.board.containing	new_line_index	newLineIndex
app.freerouting.board.containing	polyline_changed	polylineChanged
app.freerouting.board.containing	curr_lines	currLines
app.freerouting.board.containing	skip_line	skipLine
app.freerouting.board.containing	new_a	newA
app.freerouting.board.containing	new_b	newB
app.freerouting.board.containing	in_clip_shape	inClipShape
app.freerouting.board.containing	skip_corner	skipCorner
app.freerouting.board.containing	check_dist	checkDist
app.freerouting.board.containing	check_is	checkIs
app.freerouting.board.containing	new_corner	newCorner
app.freerouting.board.containing	curr_polyline	currPolyline
app.freerouting.board.containing	length_before	lengthBefore
app.freerouting.board.containing	length_after	lengthAfter
app.freerouting.board.containing	shape_to_check	shapeToCheck
app.freerouting.board.containing	curr_layer	currLayer
app.freerouting.board.containing	cleaned_new_lines	cleanedNewLines
app.freerouting.board.containing	line_arr	lineArr
app.freerouting.board.containing	new_line	newLine
app.freerouting.board.containing	tmp_lines	tmpLines
app.freerouting.board.containing	prev_corner	prevCorner
app.freerouting.board.containing	next_corner	nextCorner
app.freerouting.board.containing	translate_line	translateLine
app.freerouting.board.containing	prev_dist	prevDist
app.freerouting.board.containing	next_dist	nextDist
app.freerouting.board.containing	translate_dist	translateDist
app.freerouting.board.containing	line_side	lineSide
app.freerouting.board.containing	new_line_side_of_prev_corner	newLineSideOfPrevCorner
app.freerouting.board.containing	new_line_side_of_next_corner	newLineSideOfNextCorner
app.freerouting.board.containing	crossed_corners_before_count	crossedCornersBeforeCount
app.freerouting.board.containing	crossed_corners_after_count	crossedCornersAfterCount
app.freerouting.board.containing	prev_prev_corner	prevPrevCorner
app.freerouting.board.containing	next_next_corner	nextNextCorner
app.freerouting.board.containing	keep_before_ind	keepBeforeInd
app.freerouting.board.containing	check_ok	checkOk
app.freerouting.board.containing	curr_corner	currCorner
app.freerouting.board.containing	cosinus_angle	cosinusAngle
app.freerouting.board.containing	prev_dir	prevDir
app.freerouting.board.containing	next_dir	nextDir
app.freerouting.board.containing	middle_dir	middleDir
app.freerouting.board.containing	nearest_point	nearestPoint
app.freerouting.board.containing	max_translate_dist	maxTranslateDist
app.freerouting.board.containing	delta_dist	deltaDist
app.freerouting.board.containing	side_of_nearest_point	sideOfNearestPoint
app.freerouting.board.containing	new_line_side_of_nearest_point	newLineSideOfNearestPoint
app.freerouting.board.containing	shorten_value	shortenValue
app.freerouting.board.containing	new_prev_corner	newPrevCorner
app.freerouting.board.containing	new_next_corner	newNextCorner
app.freerouting.board.containing	corners_skipped_before	cornersSkippedBefore
app.freerouting.board.containing	corners_skipped_after	cornersSkippedAfter
app.freerouting.board.containing	c_epsilon	cEpsilon
app.freerouting.board.containing	curr_no	currNo
app.freerouting.board.containing	first_time	firstTime
app.freerouting.board.containing	rounded_nearest_point	roundedNearestPoint
app.freerouting.board.containing	prev_translated_line	prevTranslatedLine
app.freerouting.board.containing	prev_line_no	prevLineNo
app.freerouting.board.containing	curr_prev_corner	currPrevCorner
app.freerouting.board.containing	curr_translate_line	currTranslateLine
app.freerouting.board.containing	curr_translate_dist	currTranslateDist
app.freerouting.board.containing	next_line_no	nextLineNo
app.freerouting.board.containing	curr_next_corner	currNextCorner
app.freerouting.board.containing	curr_line	currLine
app.freerouting.board.containing	reduced_polyline	reducedPolyline
app.freerouting.board.containing	shape_no	shapeNo
app.freerouting.board.containing	acute_angle	acuteAngle
app.freerouting.board.containing	other_trace_corner_approx	otherTraceCornerApprox
app.freerouting.board.containing	other_trace_line	otherTraceLine
app.freerouting.board.containing	other_prev_trace_line	otherPrevTraceLine
app.freerouting.board.containing	trace_polyline	tracePolyline
app.freerouting.board.containing	curr_end_corner	currEndCorner
app.freerouting.board.containing	curr_prev_end_corner	currPrevEndCorner
app.freerouting.board.containing	skip_short_segment	skipShortSegment
app.freerouting.board.containing	SKIP_LENGTH	skipLENGTH
app.freerouting.board.containing	start_line_no	startLineNo
app.freerouting.board.containing	prev_corner_side	prevCornerSide
app.freerouting.board.containing	line_direction	lineDirection
app.freerouting.board.containing	prev_line_direction	prevLineDirection
app.freerouting.board.containing	contact_list	contactList
app.freerouting.board.containing	contact_trace_polyline	contactTracePolyline
app.freerouting.board.containing	curr_other_trace_corner_approx	currOtherTraceCornerApprox
app.freerouting.board.containing	curr_other_trace_line	currOtherTraceLine
app.freerouting.board.containing	curr_other_prev_trace_line	currOtherPrevTraceLine
app.freerouting.board.containing	curr_corner_no	currCornerNo
app.freerouting.board.containing	curr_prev_corner_side	currPrevCornerSide
app.freerouting.board.containing	curr_projection	currProjection
app.freerouting.board.containing	other_trace_found	otherTraceFound
app.freerouting.board.containing	new_line_count	newLineCount
app.freerouting.board.containing	new_line_dir	newLineDir
app.freerouting.board.containing	prev_corner_dist	prevCornerDist
app.freerouting.board.containing	other_dist	otherDist
app.freerouting.board.containing	add_line	addLine
app.freerouting.board.containing	check_line_arr	checkLineArr
app.freerouting.board.containing	end_line_no	endLineNo
app.freerouting.board.that	changed_area	changedArea
app.freerouting.board.that	autoroute_engine	autorouteEngine
app.freerouting.board.that	shove_failing_obstacle	shoveFailingObstacle
app.freerouting.board.that	shove_failing_layer	shoveFailingLayer
app.freerouting.board.that	shape_count	shapeCount
app.freerouting.board.that	curr_shape	currShape
app.freerouting.board.that	curr_layer	currLayer
app.freerouting.board.that	tidy_region	tidyRegion
app.freerouting.board.that	calculate_tidy_region	calculateTidyRegion
app.freerouting.board.that	changed_nets	changedNets
app.freerouting.board.that	board_corners	boardCorners
app.freerouting.board.that	pull_tight_algo	pullTightAlgo
app.freerouting.board.that	curr_polyline	currPolyline
app.freerouting.board.that	curr_line_segment	currLineSegment
app.freerouting.board.that	check_polyline	checkPolyline
app.freerouting.board.that	shape_to_check	shapeToCheck
app.freerouting.board.that	from_point	fromPoint
app.freerouting.board.that	to_point	toPoint
app.freerouting.board.that	line_length	lineLength
app.freerouting.board.that	ok_length	okLength
app.freerouting.board.that	default_tree	defaultTree
app.freerouting.board.that	obstacle_entries	obstacleEntries
app.freerouting.board.that	curr_obstacle_shape	currObstacleShape
app.freerouting.board.that	curr_offset_shape	currOffsetShape
app.freerouting.board.that	nearest_obstacle_point	nearestObstaclePoint
app.freerouting.board.that	shorten_value	shortenValue
app.freerouting.board.that	clearance_value	clearanceValue
app.freerouting.board.that	net_count	netCount
app.freerouting.board.that	contact_count	contactCount
app.freerouting.board.that	moved_shape	movedShape
app.freerouting.board.that	net_no_arr	netNoArr
app.freerouting.board.that	contact_list	contactList
app.freerouting.board.that	opt_net_no_arr	optNetNoArr
app.freerouting.board.that	point_shape	pointShape
app.freerouting.board.that	found_items	foundItems
app.freerouting.board.that	pick_location	pickLocation
app.freerouting.board.that	min_dist	minDist
app.freerouting.board.that	nearest_item	nearestItem
app.freerouting.board.that	ignore_set	ignoreSet
app.freerouting.board.that	candidate_found	candidateFound
app.freerouting.board.that	curr_dist	currDist
app.freerouting.board.that	trace_radius	traceRadius
app.freerouting.board.that	drill_item_center	drillItemCenter
app.freerouting.board.that	tidy_clip_shape	tidyClipShape
app.freerouting.board.that	insert_polyline	insertPolyline
app.freerouting.board.that	ok_point	okPoint
app.freerouting.board.that	search_tree	searchTree
app.freerouting.board.that	compensated_half_width	compensatedHalfWidth
app.freerouting.board.that	trace_shapes	traceShapes
app.freerouting.board.that	orthogonal_mode	orthogonalMode
app.freerouting.board.that	shove_trace_algo	shoveTraceAlgo
app.freerouting.board.that	curr_trace_shape	currTraceShape
app.freerouting.board.that	from_side	fromSide
app.freerouting.board.that	check_shove_ok	checkShoveOk
app.freerouting.board.that	from_corner	fromCorner
app.freerouting.board.that	to_corner	toCorner
app.freerouting.board.that	picked_trace	pickedTrace
app.freerouting.board.that	picked_items	pickedItems
app.freerouting.board.that	curr_picked_trace	currPickedTrace
app.freerouting.board.that	new_polyline	newPolyline
app.freerouting.board.that	combined_polyline	combinedPolyline
app.freerouting.board.that	combine_trace	combineTrace
app.freerouting.board.that	start_shape_no	startShapeNo
app.freerouting.board.that	last_shape_no	lastShapeNo
app.freerouting.board.that	insert_ok	insertOk
app.freerouting.board.that	new_corner	newCorner
app.freerouting.board.that	last_trace_shape	lastTraceShape
app.freerouting.board.that	sample_width	sampleWidth
app.freerouting.board.that	last_corner	lastCorner
app.freerouting.board.that	prev_last_corner	prevLastCorner
app.freerouting.board.that	last_segment_length	lastSegmentLength
app.freerouting.board.that	shape_index	shapeIndex
app.freerouting.board.that	curr_last_corner	currLastCorner
app.freerouting.board.that	new_trace	newTrace
app.freerouting.board.that	item_filter	itemFilter
app.freerouting.board.that	curr_picked_items	currPickedItems
app.freerouting.board.that	found_trace	foundTrace
app.freerouting.board.that	route_net_no	routeNetNo
app.freerouting.board.that	ctrl_settings	ctrlSettings
app.freerouting.board.that	route_start_set	routeStartSet
app.freerouting.board.that	route_net	routeNet
app.freerouting.board.that	route_dest_set	routeDestSet
app.freerouting.board.that	ripped_item_list	rippedItemList
app.freerouting.board.that	curr_autoroute_engine	currAutorouteEngine
app.freerouting.board.that	time_limit_to_prevent_endless_loop	timeLimitToPreventEndlessLoop
app.freerouting.board.that	pin_net_no	pinNetNo
app.freerouting.board.that	pin_layer	pinLayer
app.freerouting.board.that	pin_connected_set	pinConnectedSet
app.freerouting.board.that	unconnected_set	unconnectedSet
app.freerouting.board.that	pin_center	pinCenter
app.freerouting.board.that	sorted_unconnected_list	sortedUnconnectedList
app.freerouting.board.that	dist_sq1	distSq1
app.freerouting.board.that	dist_sq2	distSq2
app.freerouting.board.that	combined_via_rule	combinedViaRule
app.freerouting.board.that	default_via_rule	defaultViaRule
app.freerouting.board.that	default_via	defaultVia
app.freerouting.board.that	pin_component	pinComponent
app.freerouting.board.that	closest_target	closestTarget
app.freerouting.board.that	first_corner	firstCorner
app.freerouting.board.that	projection_line	projectionLine
app.freerouting.board.that	connection_line	connectionLine
app.freerouting.board.that	trace_layer	traceLayer
app.freerouting.board.that	stub_set	stubSet
app.freerouting.board.that	board_items	boardItems
app.freerouting.board.that	stub_connections	stubConnections
app.freerouting.board.that	item_contact_count	itemContactCount
app.freerouting.board.that	curr_item	currItem
app.freerouting.board.that	something_changed	somethingChanged
app.freerouting.board.that	curr_ob	currOb
app.freerouting.board.that	pin_found	pinFound
app.freerouting.board.that	board_copy	boardCopy
app.freerouting.board.SearchTreeManager	compensated_search_trees	compensatedSearchTrees
app.freerouting.board.SearchTreeManager	default_tree	defaultTree
app.freerouting.board.SearchTreeManager	clearance_compensation_used	clearanceCompensationUsed
app.freerouting.board.SearchTreeManager	curr_tree_entries	currTreeEntries
app.freerouting.board.SearchTreeManager	compensated_clearance_class_no	compensatedClearanceClassNo
app.freerouting.board.SearchTreeManager	curr_tree	currTree
app.freerouting.board.SearchTreeManager	curr_autoroute_tree	currAutorouteTree
app.freerouting.board.SearchTreeManager	curr_item	currItem
app.freerouting.board.ShapeSearchTree	compensated_clearance_class_no	compensatedClearanceClassNo
app.freerouting.board.ShapeSearchTree	compensated_half_width	compensatedHalfWidth
app.freerouting.board.ShapeSearchTree	changed_shapes	changedShapes
app.freerouting.board.ShapeSearchTree	old_shape_count	oldShapeCount
app.freerouting.board.ShapeSearchTree	new_shape_count	newShapeCount
app.freerouting.board.ShapeSearchTree	new_leaf_arr	newLeafArr
app.freerouting.board.ShapeSearchTree	new_precalculated_tree_shapes	newPrecalculatedTreeShapes
app.freerouting.board.ShapeSearchTree	old_entries	oldEntries
app.freerouting.board.ShapeSearchTree	new_index	newIndex
app.freerouting.board.ShapeSearchTree	old_index	oldIndex
app.freerouting.board.ShapeSearchTree	link_shapes	linkShapes
app.freerouting.board.ShapeSearchTree	change_order	changeOrder
app.freerouting.board.ShapeSearchTree	from_shape_count_minus_1	fromShapeCountMinus1
app.freerouting.board.ShapeSearchTree	remove_no	removeNo
app.freerouting.board.ShapeSearchTree	from_trace_entries	fromTraceEntries
app.freerouting.board.ShapeSearchTree	to_trace_entries	toTraceEntries
app.freerouting.board.ShapeSearchTree	old_to_shape_count	oldToShapeCount
app.freerouting.board.ShapeSearchTree	from_no	fromNo
app.freerouting.board.ShapeSearchTree	curr_ind	currInd
app.freerouting.board.ShapeSearchTree	to_shape_count_minus_1	toShapeCountMinus1
app.freerouting.board.ShapeSearchTree	start_piece_leaf_arr	startPieceLeafArr
app.freerouting.board.ShapeSearchTree	end_piece_leaf_arr	endPieceLeafArr
app.freerouting.board.ShapeSearchTree	from_index	fromIndex
app.freerouting.board.ShapeSearchTree	tree_entries	treeEntries
app.freerouting.board.ShapeSearchTree	tmp_list	tmpList
app.freerouting.board.ShapeSearchTree	is_45_degree	is45Degree
app.freerouting.board.ShapeSearchTree	curr_object	currObject
app.freerouting.board.ShapeSearchTree	shape_index	shapeIndex
app.freerouting.board.ShapeSearchTree	ignore_object	ignoreObject
app.freerouting.board.ShapeSearchTree	curr_shape	currShape
app.freerouting.board.ShapeSearchTree	add_item	addItem
app.freerouting.board.ShapeSearchTree	new_entry	newEntry
app.freerouting.board.ShapeSearchTree	cl_matrix	clMatrix
app.freerouting.board.ShapeSearchTree	max_clearance	maxClearance
app.freerouting.board.ShapeSearchTree	offset_bounds	offsetBounds
app.freerouting.board.ShapeSearchTree	sorted_items	sortedItems
app.freerouting.board.ShapeSearchTree	curr_item	currItem
app.freerouting.board.ShapeSearchTree	ignore_item	ignoreItem
app.freerouting.board.ShapeSearchTree	curr_clearance	currClearance
app.freerouting.board.ShapeSearchTree	sorted_ob	sortedOb
app.freerouting.board.ShapeSearchTree	curr_half_clearance	currHalfClearance
app.freerouting.board.ShapeSearchTree	curr_offset_shape	currOffsetShape
app.freerouting.board.ShapeSearchTree	tmp_half_clearance	tmpHalfClearance
app.freerouting.board.ShapeSearchTree	tmp_shape	tmpShape
app.freerouting.board.ShapeSearchTree	tmp_offset_shape	tmpOffsetShape
app.freerouting.board.ShapeSearchTree	start_shape	startShape
app.freerouting.board.ShapeSearchTree	bounding_shape	boundingShape
app.freerouting.board.ShapeSearchTree	new_room	newRoom
app.freerouting.board.ShapeSearchTree	overlapping_leaves	overlappingLeaves
app.freerouting.board.ShapeSearchTree	node_stack	nodeStack
app.freerouting.board.ShapeSearchTree	curr_node	currNode
app.freerouting.board.ShapeSearchTree	room_layer	roomLayer
app.freerouting.board.ShapeSearchTree	curr_object_shape	currObjectShape
app.freerouting.board.ShapeSearchTree	new_result	newResult
app.freerouting.board.ShapeSearchTree	new_bounding_shape	newBoundingShape
app.freerouting.board.ShapeSearchTree	something_changed	somethingChanged
app.freerouting.board.ShapeSearchTree	ignore_expansion_room	ignoreExpansionRoom
app.freerouting.board.ShapeSearchTree	new_rooms	newRooms
app.freerouting.board.ShapeSearchTree	obstacle_simplex	obstacleSimplex
app.freerouting.board.ShapeSearchTree	room_shape	roomShape
app.freerouting.board.ShapeSearchTree	shape_to_be_contained	shapeToBeContained
app.freerouting.board.ShapeSearchTree	cut_line	cutLine
app.freerouting.board.ShapeSearchTree	cut_line_distance	cutLineDistance
app.freerouting.board.ShapeSearchTree	curr_line_segment	currLineSegment
app.freerouting.board.ShapeSearchTree	curr_line	currLine
app.freerouting.board.ShapeSearchTree	curr_min_distance	currMinDistance
app.freerouting.board.ShapeSearchTree	result_piece	resultPiece
app.freerouting.board.ShapeSearchTree	cut_half_plane	cutHalfPlane
app.freerouting.board.ShapeSearchTree	new_shape_to_be_contained	newShapeToBeContained
app.freerouting.board.ShapeSearchTree	opposite_half_plane	oppositeHalfPlane
app.freerouting.board.ShapeSearchTree	rest_piece	restPiece
app.freerouting.board.ShapeSearchTree	rest_shape_to_be_contained	restShapeToBeContained
app.freerouting.board.ShapeSearchTree	rest_incomplete_room	restIncompleteRoom
app.freerouting.board.ShapeSearchTree	pin_shape	pinShape
app.freerouting.board.ShapeSearchTree	compare_corner	compareCorner
app.freerouting.board.ShapeSearchTree	trace_shape_no	traceShapeNo
app.freerouting.board.ShapeSearchTree	trace_shape	traceShape
app.freerouting.board.ShapeSearchTree	shape_pieces	shapePieces
app.freerouting.board.ShapeSearchTree	new_trace_shape	newTraceShape
app.freerouting.board.ShapeSearchTree	curr_tile_shape	currTileShape
app.freerouting.board.ShapeSearchTree	offset_width	offsetWidth
app.freerouting.board.ShapeSearchTree	drill_radius	drillRadius
app.freerouting.board.ShapeSearchTree	hole_clearance	holeClearance
app.freerouting.board.ShapeSearchTree	copper_radius	copperRadius
app.freerouting.board.ShapeSearchTree	pad_shape	padShape
app.freerouting.board.ShapeSearchTree	clearance_class	clearanceClass
app.freerouting.board.ShapeSearchTree	copper_clearance	copperClearance
app.freerouting.board.ShapeSearchTree	convex_shapes	convexShapes
app.freerouting.board.ShapeSearchTree	max_tree_shape_width	maxTreeShapeWidth
app.freerouting.board.ShapeSearchTree	tree_shape_list	treeShapeList
app.freerouting.board.ShapeSearchTree	curr_convex_shape	currConvexShape
app.freerouting.board.ShapeSearchTree	curr_tree_shapes	currTreeShapes
app.freerouting.board.ShapeSearchTree	half_width	halfWidth
app.freerouting.board.ShapeSearchTree	curr_line_arr	currLineArr
app.freerouting.board.ShapeSearchTree	curr_no	currNo
app.freerouting.board.ShapeSearchTree	curr_outline_shape	currOutlineShape
app.freerouting.board.ShapeSearchTree	border_line_count	borderLineCount
app.freerouting.board.ShapeSearchTree	tmp_polyline	tmpPolyline
app.freerouting.board.ShapeSearchTree	cmp_value	cmpValue
app.freerouting.board.ShapeSearchTree	curr_room	currRoom
app.freerouting.board.ShapeSearchTree	room_bounding_box	roomBoundingBox
app.freerouting.board.ShapeSearchTree	max_section_width	maxSectionWidth
app.freerouting.board.ShapeSearchTree	section_arr	sectionArr
app.freerouting.board.ShapeSearchTree	curr_shape_to_be_contained	currShapeToBeContained
app.freerouting.board.ShapeSearchTree	curr_section_room	currSectionRoom
app.freerouting.board.ShapeSearchTree	curr_tree_entries	currTreeEntries
app.freerouting.board.ShapeSearchTree	curr_leaf	currLeaf
app.freerouting.board.ShapeSearchTree	entry_id_no	entryIdNo
app.freerouting.board.IntOctagon	curr_border_line_no	currBorderLineNo
app.freerouting.board.IntOctagon	curr_obstacle_corner_x	currObstacleCornerX
app.freerouting.board.IntOctagon	curr_obstacle_corner_y	currObstacleCornerY
app.freerouting.board.IntOctagon	next_obstacle_border_line_no	nextObstacleBorderLineNo
app.freerouting.board.IntOctagon	next_obstacle_corner_x	nextObstacleCornerX
app.freerouting.board.IntOctagon	next_obstacle_corner_y	nextObstacleCornerY
app.freerouting.board.IntOctagon	shape_to_be_contained	shapeToBeContained
app.freerouting.board.IntOctagon	start_shape	startShape
app.freerouting.board.IntOctagon	bounding_shape	boundingShape
app.freerouting.board.IntOctagon	room_layer	roomLayer
app.freerouting.board.IntOctagon	node_stack	nodeStack
app.freerouting.board.IntOctagon	curr_node	currNode
app.freerouting.board.IntOctagon	curr_object	currObject
app.freerouting.board.IntOctagon	is_obstacle	isObstacle
app.freerouting.board.IntOctagon	shape_index	shapeIndex
app.freerouting.board.IntOctagon	curr_object_shape	currObjectShape
app.freerouting.board.IntOctagon	new_result	newResult
app.freerouting.board.IntOctagon	new_bounding_shape	newBoundingShape
app.freerouting.board.IntOctagon	curr_shape	currShape
app.freerouting.board.IntOctagon	new_restrained_shapes	newRestrainedShapes
app.freerouting.board.IntOctagon	contained_shape	containedShape
app.freerouting.board.IntOctagon	room_shape	roomShape
app.freerouting.board.IntOctagon	cut_line_distance	cutLineDistance
app.freerouting.board.IntOctagon	restraining_line_no	restrainingLineNo
app.freerouting.board.IntOctagon	curr_distance	currDistance
app.freerouting.board.IntOctagon	restrained_shape	restrainedShape
app.freerouting.board.IntOctagon	curr_line	currLine
app.freerouting.board.IntOctagon	new_shape_to_be_contained	newShapeToBeContained
app.freerouting.board.IntOctagon	rest_piece	restPiece
app.freerouting.board.IntOctagon	rest_shape_to_be_contained	restShapeToBeContained
app.freerouting.board.IntOctagon	rest_incomplete_room	restIncompleteRoom
app.freerouting.board.IntOctagon	curr_tile_shape	currTileShape
app.freerouting.board.IntOctagon	offset_width	offsetWidth
app.freerouting.board.IntBox	start_shape	startShape
app.freerouting.board.IntBox	bounding_shape	boundingShape
app.freerouting.board.IntBox	room_layer	roomLayer
app.freerouting.board.IntBox	node_stack	nodeStack
app.freerouting.board.IntBox	curr_node	currNode
app.freerouting.board.IntBox	curr_object	currObject
app.freerouting.board.IntBox	shape_index	shapeIndex
app.freerouting.board.IntBox	is_obstacle	isObstacle
app.freerouting.board.IntBox	curr_object_shape	currObjectShape
app.freerouting.board.IntBox	new_result	newResult
app.freerouting.board.IntBox	new_bounding_shape	newBoundingShape
app.freerouting.board.IntBox	curr_shape	currShape
app.freerouting.board.IntBox	new_restrained_shapes	newRestrainedShapes
app.freerouting.board.IntBox	contained_shape	containedShape
app.freerouting.board.IntBox	room_shape	roomShape
app.freerouting.board.IntBox	shape_to_be_contained	shapeToBeContained
app.freerouting.board.IntBox	cut_line_distance	cutLineDistance
app.freerouting.board.IntBox	restrained_shape	restrainedShape
app.freerouting.board.IntBox	curr_distance	currDistance
app.freerouting.board.IntBox	new_shape_1	newShape1
app.freerouting.board.IntBox	new_shape_2	newShape2
app.freerouting.board.IntBox	new_shape_to_be_contained	newShapeToBeContained
app.freerouting.board.IntBox	new_incomplete_room	newIncompleteRoom
app.freerouting.board.IntBox	curr_tile_shape	currTileShape
app.freerouting.board.IntBox	offset_width	offsetWidth
app.freerouting.board.IntBox	from_no	fromNo
app.freerouting.board.IntBox	to_no	toNo
app.freerouting.board.IntBox	shape_count	shapeCount
app.freerouting.board.IntBox	shape_arr	shapeArr
app.freerouting.board.used	shove_via_list	shoveViaList
app.freerouting.board.used	own_net_nos	ownNetNos
app.freerouting.board.used	cl_class	clClass
app.freerouting.board.used	from_side	fromSide
app.freerouting.board.used	list_anchor	listAnchor
app.freerouting.board.used	trace_piece_count	tracePieceCount
app.freerouting.board.used	max_stack_level	maxStackLevel
app.freerouting.board.used	shape_contains_trace_tails	shapeContainsTraceTails
app.freerouting.board.used	found_obstacle	foundObstacle
app.freerouting.board.used	offset_shape	offsetShape
app.freerouting.board.used	search_tree	searchTree
app.freerouting.board.used	curr_offset	currOffset
app.freerouting.board.used	cl_offset	clOffset
app.freerouting.board.used	trace_lines	traceLines
app.freerouting.board.used	start_piece	startPiece
app.freerouting.board.used	end_piece	endPiece
app.freerouting.board.used	net_no_found	netNoFound
app.freerouting.board.used	contains_own_net	containsOwnNet
app.freerouting.board.used	curr_trace	currTrace
app.freerouting.board.used	edge_count	edgeCount
app.freerouting.board.used	edge_diff	edgeDiff
app.freerouting.board.used	piece_lines	pieceLines
app.freerouting.board.used	curr_edge_no	currEdgeNo
app.freerouting.board.used	piece_polyline	piecePolyline
app.freerouting.board.used	entry_tuple	entryTuple
app.freerouting.board.used	entry_approx	entryApprox
app.freerouting.board.used	end_corner	endCorner
app.freerouting.board.used	contact_list	contactList
app.freerouting.board.used	contact_count	contactCount
app.freerouting.board.used	store_end_corner	storeEndCorner
app.freerouting.board.used	via_shape	viaShape
app.freerouting.board.used	via_trace_diff	viaTraceDiff
app.freerouting.board.used	via_clearance	viaClearance
app.freerouting.board.used	trace_clearance	traceClearance
app.freerouting.board.used	projection_side	projectionSide
app.freerouting.board.used	trace_line_segment_no	traceLineSegmentNo
app.freerouting.board.used	curr_node	currNode
app.freerouting.board.used	curr_fromside_no	currFromsideNo
app.freerouting.board.used	curr_entry_approx	currEntryApprox
app.freerouting.board.used	compare_corner_1	compareCorner1
app.freerouting.board.used	compare_corner_2	compareCorner2
app.freerouting.board.used	from_point_dist	fromPointDist
app.freerouting.board.used	from_point_projection	fromPointProjection
app.freerouting.board.used	curr_projection	currProjection
app.freerouting.board.used	new_anchor	newAnchor
app.freerouting.board.used	prev_net_nos	prevNetNos
app.freerouting.board.used	curr_net_nos	currNetNos
app.freerouting.board.used	before_prev	beforePrev
app.freerouting.board.used	next_net_nos	nextNetNos
app.freerouting.board.used	curr_entry	currEntry
app.freerouting.board.used	curr_level	currLevel
app.freerouting.board.used	check_entry	checkEntry
app.freerouting.board.used	index_of_next_foreign_set	indexOfNextForeignSet
app.freerouting.board.used	index_of_last_occurrence_of_set	indexOfLastOccurrenceOfSet
app.freerouting.board.used	next_index	nextIndex
app.freerouting.board.used	last_own_entry	lastOwnEntry
app.freerouting.board.used	first_foreign_entry	firstForeignEntry
app.freerouting.board.used	check_net_nos	checkNetNos
app.freerouting.board.used	next_entry	nextEntry
app.freerouting.board.used	prev_first	prevFirst
app.freerouting.board.used	after_last	afterLast
app.freerouting.board.used	new_entry	newEntry
app.freerouting.board.used	curr_prev	currPrev
app.freerouting.board.used	curr_next	currNext
app.freerouting.board.used	prev_corner	prevCorner
app.freerouting.board.used	next_corner	nextCorner
app.freerouting.board.used	trace_line_no	traceLineNo
app.freerouting.board.used	edge_no	edgeNo
app.freerouting.board.used	stack_level	stackLevel
app.freerouting.board.RoutingBoard	trace_shapes	traceShapes
app.freerouting.board.RoutingBoard	trace_shape	traceShape
app.freerouting.board.RoutingBoard	obstacles_shovable	obstaclesShovable
app.freerouting.board.RoutingBoard	trace_piece_count	tracePieceCount
app.freerouting.board.RoutingBoard	start_corner_appprox	startCornerAppprox
app.freerouting.board.RoutingBoard	end_corner_appprox	endCornerAppprox
app.freerouting.board.RoutingBoard	segment_length	segmentLength
app.freerouting.board.RoutingBoard	cl_matrix	clMatrix
app.freerouting.board.RoutingBoard	shove_via_ok	shoveViaOk
app.freerouting.board.RoutingBoard	via_center_appprox	viaCenterAppprox
app.freerouting.board.RoutingBoard	via_box	viaBox
app.freerouting.board.RoutingBoard	via_radius	viaRadius
app.freerouting.board.RoutingBoard	curr_ok_length	currOkLength
app.freerouting.board.RoutingBoard	line_direction	lineDirection
app.freerouting.board.RoutingBoard	curr_substitute_trace	currSubstituteTrace
app.freerouting.board.RoutingBoard	curr_line_segment	currLineSegment
app.freerouting.board.RoutingBoard	is_in_front	isInFront
app.freerouting.board.RoutingBoard	shove_ok_length	shoveOkLength
app.freerouting.board.RoutingBoard	curr_shove_via_center	currShoveViaCenter
app.freerouting.board.RoutingBoard	is_orthogonal_mode	isOrthogonalMode
app.freerouting.board.RoutingBoard	new_polyline	newPolyline
app.freerouting.board.RoutingBoard	curr_dir	currDir
app.freerouting.board.RoutingBoard	tails_exist_before	tailsExistBefore
app.freerouting.board.RoutingBoard	curr_net_no_arr	currNetNoArr
app.freerouting.board.RoutingBoard	end_corners	endCorners
app.freerouting.board.RoutingBoard	found_obstacle	foundObstacle
app.freerouting.board.RoutingBoard	found_obstacle_bounding_box	foundObstacleBoundingBox
app.freerouting.board.RoutingBoard	check_net_no_arr	checkNetNoArr
app.freerouting.board.RoutingBoard	is_obstacle	isObstacle
app.freerouting.board.RoutingBoard	curr_contacts	currContacts
app.freerouting.board.RoutingBoard	curr_item_bounding_box	currItemBoundingBox
app.freerouting.board.RoutingBoard	try_spring_over	trySpringOver
app.freerouting.board.RoutingBoard	contacts_on_layer	contactsOnLayer
app.freerouting.board.RoutingBoard	obstacle_shape	obstacleShape
app.freerouting.board.RoutingBoard	offset_shape	offsetShape
app.freerouting.board.RoutingBoard	half_cl_offset	halfClOffset
app.freerouting.board.RoutingBoard	first_intersection_side_no	firstIntersectionSideNo
app.freerouting.board.RoutingBoard	last_intersection_side_no	lastIntersectionSideNo
app.freerouting.board.RoutingBoard	first_intersection_line_no	firstIntersectionLineNo
app.freerouting.board.RoutingBoard	last_intersection_line_no	lastIntersectionLineNo
app.freerouting.board.RoutingBoard	side_diff	sideDiff
app.freerouting.board.RoutingBoard	compare_corner	compareCorner
app.freerouting.board.RoutingBoard	first_intersection	firstIntersection
app.freerouting.board.RoutingBoard	second_intersection	secondIntersection
app.freerouting.board.RoutingBoard	substitute_lines	substituteLines
app.freerouting.board.RoutingBoard	curr_edge_line_no	currEdgeLineNo
app.freerouting.board.RoutingBoard	substitute_polyline	substitutePolyline
app.freerouting.board.RoutingBoard	c_max_spring_over_recursion_depth	cMaxSpringOverRecursionDepth
app.freerouting.board.RoutingBoard	counter_clock_wise_result	counterClockWiseResult
app.freerouting.board.RoutingBoard	clock_wise_result	clockWiseResult
app.freerouting.board.describing	half_width	halfWidth
app.freerouting.board.describing	start_corner	startCorner
app.freerouting.board.describing	end_corner	endCorner
app.freerouting.board.describing	contact_list	contactList
app.freerouting.board.describing	search_shape	searchShape
app.freerouting.board.describing	contact_at_first_corner	contactAtFirstCorner
app.freerouting.board.describing	contact_at_last_corner	contactAtLastCorner
app.freerouting.board.describing	start_contacts	startContacts
app.freerouting.board.describing	end_contacts	endContacts
app.freerouting.board.describing	from_point	fromPoint
app.freerouting.board.describing	visited_items	visitedItems
app.freerouting.board.describing	ignore_areas	ignoreAreas
app.freerouting.board.describing	curr_net	currNet
app.freerouting.board.describing	stub_count	stubCount
app.freerouting.board.describing	stub_at_start	stubAtStart
app.freerouting.board.describing	stub_at_end	stubAtEnd
app.freerouting.board.describing	stub_no	stubNo
app.freerouting.board.describing	curr_end_point	currEndPoint
app.freerouting.board.describing	curr_oct	currOct
app.freerouting.board.describing	curr_overlaps	currOverlaps
app.freerouting.board.describing	layer_name	layerName
app.freerouting.board.describing	attach_allowed	attachAllowed
app.freerouting.board.describing	autoroute_drill_info	autorouteDrillInfo
app.freerouting.board.describing	translate_vector	translateVector
app.freerouting.board.describing	curr_contact_item	currContactItem
app.freerouting.board.describing	first_contact_first_layer	firstContactFirstLayer
app.freerouting.board.describing	first_contact_last_layer	firstContactLastLayer
app.freerouting.board.describing	new_padstack	newPadstack
app.freerouting.board.describing	via_autoroute_info	viaAutorouteInfo
app.freerouting.board.describing	curr_drill_shape	currDrillShape
app.freerouting.board.describing	via_layer_count	viaLayerCount
app.freerouting.board.ViaObstacleArea	copied_net_nos	copiedNetNos
app.freerouting.gui.rendering.ColorIntensityTable	missing_serialized_data_logged	missingSerializedDataLogged
app.freerouting.gui.rendering.ScreenTransform	design_box	designBox
app.freerouting.gui.rendering.ScreenTransform	design_box_with_offset	designBoxWithOffset
app.freerouting.gui.rendering.ScreenTransform	screen_bounds	screenBounds
app.freerouting.gui.rendering.ScreenTransform	scale_factor	scaleFactor
app.freerouting.gui.rendering.ScreenTransform	display_x_offset	displayXOffset
app.freerouting.gui.rendering.ScreenTransform	display_y_offset	displayYOffset
app.freerouting.gui.rendering.ScreenTransform	rotation_pole	rotationPole
app.freerouting.gui.rendering.ScreenTransform	mirror_left_right	mirrorLeftRight
app.freerouting.gui.rendering.ScreenTransform	mirror_top_bottom	mirrorTopBottom
app.freerouting.gui.rendering.ScreenTransform	min_ll	minLl
app.freerouting.gui.rendering.ScreenTransform	max_ur	maxUr
app.freerouting.gui.rendering.ScreenTransform	design_offset	designOffset
app.freerouting.gui.rendering.ScreenTransform	x_scale_factor	xScaleFactor
app.freerouting.gui.rendering.ScreenTransform	y_scale_factor	yScaleFactor
app.freerouting.gui.rendering.ScreenTransform	rotated_point	rotatedPoint
app.freerouting.gui.rendering.ScreenTransform	corner_1	corner1
app.freerouting.gui.rendering.ScreenTransform	corner_2	corner2
app.freerouting.gui.rendering.ScreenTransform	ll_x	llX
app.freerouting.gui.rendering.ScreenTransform	ll_y	llY
app.freerouting.gui.rendering.GraphicsContext	item_color_table	itemColorTable
app.freerouting.gui.rendering.GraphicsContext	other_color_table	otherColorTable
app.freerouting.gui.rendering.GraphicsContext	color_intensity_table	colorIntensityTable
app.freerouting.gui.rendering.GraphicsContext	coordinate_transform	coordinateTransform
app.freerouting.gui.rendering.GraphicsContext	layer_visibility_arr	layerVisibilityArr
app.freerouting.gui.rendering.GraphicsContext	auto_layer_dim_factor	autoLayerDimFactor
app.freerouting.gui.rendering.GraphicsContext	fully_visible_layer	fullyVisibleLayer
app.freerouting.gui.rendering.GraphicsContext	virtual_layer_visibility_arr	virtualLayerVisibilityArr
app.freerouting.gui.rendering.GraphicsContext	fully_visible_virtual_layer	fullyVisibleVirtualLayer
app.freerouting.gui.rendering.GraphicsContext	curr_alpha_composite	currAlphaComposite
app.freerouting.gui.rendering.GraphicsContext	screen_bounds	screenBounds
app.freerouting.gui.rendering.GraphicsContext	design_box	designBox
app.freerouting.gui.rendering.GraphicsContext	left_right_swapped	leftRightSwapped
app.freerouting.gui.rendering.GraphicsContext	top_bottom_swapped	topBottomSwapped
app.freerouting.gui.rendering.GraphicsContext	clip_shape	clipShape
app.freerouting.gui.rendering.GraphicsContext	clip_box	clipBox
app.freerouting.gui.rendering.GraphicsContext	scaled_width	scaledWidth
app.freerouting.gui.rendering.GraphicsContext	draw_path	drawPath
app.freerouting.gui.rendering.GraphicsContext	draw_width	drawWidth
app.freerouting.gui.rendering.GraphicsContext	draw_corners	drawCorners
app.freerouting.gui.rendering.GraphicsContext	closed_draw_corners	closedDrawCorners
app.freerouting.gui.rendering.GraphicsContext	cached_hatch_paint	cachedHatchPaint
app.freerouting.gui.rendering.GraphicsContext	cached_hatch_pitch_px	cachedHatchPitchPx
app.freerouting.gui.rendering.GraphicsContext	cached_hatch_color	cachedHatchColor
app.freerouting.gui.rendering.GraphicsContext	ellipse_arr	ellipseArr
app.freerouting.gui.rendering.GraphicsContext	bigger_radius	biggerRadius
app.freerouting.gui.rendering.GraphicsContext	smaller_radius	smallerRadius
app.freerouting.gui.rendering.GraphicsContext	draw_ellipse	drawEllipse
app.freerouting.gui.rendering.GraphicsContext	affine_transform	affineTransform
app.freerouting.gui.rendering.GraphicsContext	rotated_ellipse	rotatedEllipse
app.freerouting.gui.rendering.GraphicsContext	draw_polygon	drawPolygon
app.freerouting.gui.rendering.GraphicsContext	curr_corner	currCorner
app.freerouting.gui.rendering.GraphicsContext	curr_point_list	currPointList
app.freerouting.gui.rendering.GraphicsContext	draw_polygons	drawPolygons
app.freerouting.gui.rendering.GraphicsContext	curr_draw_shape	currDrawShape
app.freerouting.gui.rendering.GraphicsContext	curr_draw_polygon	currDrawPolygon
app.freerouting.gui.rendering.GraphicsContext	curr_tile	currTile
app.freerouting.gui.rendering.ItemColorTableModel	item_colors_precalculated	itemColorsPrecalculated
app.freerouting.gui.rendering.ItemColorTableModel	precalculated_item_colors	precalculatedItemColors
app.freerouting.gui.rendering.ItemColorTableModel	row_count	rowCount
app.freerouting.gui.rendering.ItemColorTableModel	item_type_count	itemTypeCount
app.freerouting.gui.rendering.ItemColorTableModel	signal_layer_no	signalLayerNo
app.freerouting.gui.rendering.ItemColorTableModel	is_signal_layer	isSignalLayer
app.freerouting.gui.rendering.ItemColorTableModel	curr_row	currRow
app.freerouting.gui.rendering.ItemColorTableModel	different_inner_colors	differentInnerColors
app.freerouting.gui.rendering.ItemColorTableModel	color_index	colorIndex
app.freerouting.gui.rendering.ItemDrawInfo	layer_color	layerColor
app.freerouting.gui.rendering.for	draw_color	drawColor
app.freerouting.gui.rendering.for	draw_intensity	drawIntensity
app.freerouting.gui.rendering.for	draw_points	drawPoints
app.freerouting.gui.rendering.for	draw_width	drawWidth
app.freerouting.gui.rendering.for	net_pins	netPins
app.freerouting.gui.rendering.for	circle_radius	circleRadius
app.freerouting.gui.rendering.OtherColorTableModel	curr_row	currRow
app.freerouting.core.BoardLibrary	logical_parts	logicalParts
app.freerouting.core.BoardLibrary	via_padstacks	viaPadstacks
app.freerouting.core.BoardLibrary	curr_padstack	currPadstack
app.freerouting.core.BoardLibrary	layer_count	layerCount
app.freerouting.core.BoardLibrary	new_from_layer	newFromLayer
app.freerouting.core.BoardLibrary	new_to_layer	newToLayer
app.freerouting.core.BoardLibrary	curr_via_padstack	currViaPadstack
app.freerouting.core.BoardLibrary	curr_item	currItem
app.freerouting.core.BoardLibrary	curr_package	currPackage
app.freerouting.core.LogicalPart	part_pin_arr	partPinArr
app.freerouting.core.LogicalPart	curr_pin	currPin
app.freerouting.core.LogicalPart	gate_swap_code	gateSwapCode
app.freerouting.core.LogicalPart	pin_swap_code	pinSwapCode
app.freerouting.core.LogicalPart	pin_no	pinNo
app.freerouting.core.LogicalPart	pin_name	pinName
app.freerouting.core.LogicalPart	gate_name	gateName
app.freerouting.core.LogicalPart	gate_pin_name	gatePinName
app.freerouting.core.LogicalPart	gate_pin_swap_code	gatePinSwapCode
app.freerouting.core.LogicalParts	part_arr	partArr
app.freerouting.core.LogicalParts	new_part	newPart
app.freerouting.core.LogicalParts	curr_part	currPart
app.freerouting.core.Package	outline_widths	outlineWidths
app.freerouting.core.Package	outline_is_closed	outlineIsClosed
app.freerouting.core.Package	keepout_arr	keepoutArr
app.freerouting.core.Package	via_keepout_arr	viaKeepoutArr
app.freerouting.core.Package	place_keepout_arr	placeKeepoutArr
app.freerouting.core.Package	is_front	isFront
app.freerouting.core.Package	pin_arr	pinArr
app.freerouting.core.Package	package_list	packageList
app.freerouting.core.Package	curr_pin	currPin
app.freerouting.core.Package	curr_padstack	currPadstack
app.freerouting.core.Package	padstack_no	padstackNo
app.freerouting.core.Package	relative_location	relativeLocation
app.freerouting.core.Package	rotation_in_degree	rotationInDegree
app.freerouting.core.Packages	padstack_list	padstackList
app.freerouting.core.Packages	package_arr	packageArr
app.freerouting.core.Packages	other_side_package	otherSidePackage
app.freerouting.core.Packages	curr_package	currPackage
app.freerouting.core.Packages	new_package	newPackage
app.freerouting.core.Packages	package_name	packageName
app.freerouting.core.Padstack	attach_allowed	attachAllowed
app.freerouting.core.Padstack	placed_absolute	placedAbsolute
app.freerouting.core.Padstack	hole_only	holeOnly
app.freerouting.core.Padstack	padstack_list	padstackList
app.freerouting.core.Padstack	curr_shape	currShape
app.freerouting.core.Padstack	curr_box	currBox
app.freerouting.core.Padstack	all_dirs	allDirs
app.freerouting.core.Padstacks	board_layer_structure	boardLayerStructure
app.freerouting.core.Padstacks	padstack_arr	padstackArr
app.freerouting.core.Padstacks	curr_padstack	currPadstack
app.freerouting.core.Padstacks	padstack_count	padstackCount
app.freerouting.core.Padstacks	new_padstack	newPadstack
app.freerouting.core.Padstacks	new_name	newName
app.freerouting.core.Padstacks	shape_arr	shapeArr
app.freerouting.core.Padstacks	from_layer	fromLayer
app.freerouting.core.Padstacks	to_layer	toLayer
app.freerouting.core.scoring.BoardStatistics	curr_item	currItem
app.freerouting.core.scoring.BoardStatistics	default_clearance_class	defaultClearanceClass
app.freerouting.core.scoring.BoardStatistics	fixed_state	fixedState
app.freerouting.core.scoring.BoardStatistics	weighted_trace_length	weightedTraceLength
app.freerouting.core.scoring.BoardStatistics	host_cad	hostCad
app.freerouting.core.scoring.BoardStatistics	host_version	hostVersion
app.freerouting.datastructures.ArrayStack	node_arr	nodeArr
app.freerouting.datastructures.ArrayStack	new_arr	newArr
app.freerouting.datastructures.BigIntAux	tmp_1	tmp1
app.freerouting.datastructures.BigIntAux	tmp_2	tmp2
app.freerouting.datastructures.FileFilter	file_name	fileName
app.freerouting.datastructures.FileFilter	name_parts	nameParts
app.freerouting.datastructures.FileFilter	found_extension	foundExtension
app.freerouting.datastructures.IdentifierType	string_quote	stringQuote
app.freerouting.datastructures.IdentifierType	reserved_chars	reservedChars
app.freerouting.datastructures.IdentifierType	need_quotes	needQuotes
app.freerouting.datastructures.IndentFileWriter	current_indent_level	currentIndentLevel
app.freerouting.datastructures.MinAreaTree	found_overlaps	foundOverlaps
app.freerouting.datastructures.MinAreaTree	node_stack	nodeStack
app.freerouting.datastructures.MinAreaTree	curr_node	currNode
app.freerouting.datastructures.MinAreaTree	leaf_to_replace	leafToReplace
app.freerouting.datastructures.MinAreaTree	new_bounds	newBounds
app.freerouting.datastructures.MinAreaTree	curr_parent	currParent
app.freerouting.datastructures.MinAreaTree	new_node	newNode
app.freerouting.datastructures.MinAreaTree	curr_inner_node	currInnerNode
app.freerouting.datastructures.MinAreaTree	first_child_shape	firstChildShape
app.freerouting.datastructures.MinAreaTree	union_with_first_child_shape	unionWithFirstChildShape
app.freerouting.datastructures.MinAreaTree	first_area_increase	firstAreaIncrease
app.freerouting.datastructures.MinAreaTree	second_child_shape	secondChildShape
app.freerouting.datastructures.MinAreaTree	union_with_second_child_shape	unionWithSecondChildShape
app.freerouting.datastructures.MinAreaTree	second_area_increase	secondAreaIncrease
app.freerouting.datastructures.MinAreaTree	other_leaf	otherLeaf
app.freerouting.datastructures.MinAreaTree	grand_parent	grandParent
app.freerouting.datastructures.MinAreaTree	node_to_recalculate	nodeToRecalculate
app.freerouting.datastructures.PlanarDelaunayTriangulation	search_graph	searchGraph
app.freerouting.datastructures.PlanarDelaunayTriangulation	degenerate_edges	degenerateEdges
app.freerouting.datastructures.PlanarDelaunayTriangulation	last_edge_id_no	lastEdgeIdNo
app.freerouting.datastructures.PlanarDelaunayTriangulation	corner_list	cornerList
app.freerouting.datastructures.PlanarDelaunayTriangulation	curr_corners	currCorners
app.freerouting.datastructures.PlanarDelaunayTriangulation	bounding_coor	boundingCoor
app.freerouting.datastructures.PlanarDelaunayTriangulation	bounding_corners	boundingCorners
app.freerouting.datastructures.PlanarDelaunayTriangulation	edge_lines	edgeLines
app.freerouting.datastructures.PlanarDelaunayTriangulation	start_triangle	startTriangle
app.freerouting.datastructures.PlanarDelaunayTriangulation	triangle_to_split	triangleToSplit
app.freerouting.datastructures.PlanarDelaunayTriangulation	result_edges	resultEdges
app.freerouting.datastructures.PlanarDelaunayTriangulation	containing_edge	containingEdge
app.freerouting.datastructures.PlanarDelaunayTriangulation	curr_edge	currEdge
app.freerouting.datastructures.PlanarDelaunayTriangulation	curr_side	currSide
app.freerouting.datastructures.PlanarDelaunayTriangulation	common_corner	commonCorner
app.freerouting.datastructures.PlanarDelaunayTriangulation	new_triangles	newTriangles
app.freerouting.datastructures.PlanarDelaunayTriangulation	neighbour_to_split	neighbourToSplit
app.freerouting.datastructures.PlanarDelaunayTriangulation	triangle_to_change	triangleToChange
app.freerouting.datastructures.PlanarDelaunayTriangulation	flipped_edge	flippedEdge
app.freerouting.datastructures.PlanarDelaunayTriangulation	start_point	startPoint
app.freerouting.datastructures.PlanarDelaunayTriangulation	start_object	startObject
app.freerouting.datastructures.PlanarDelaunayTriangulation	end_point	endPoint
app.freerouting.datastructures.PlanarDelaunayTriangulation	end_object	endObject
app.freerouting.datastructures.PlanarDelaunayTriangulation	start_corner	startCorner
app.freerouting.datastructures.PlanarDelaunayTriangulation	end_corner	endCorner
app.freerouting.datastructures.PlanarDelaunayTriangulation	id_no	idNo
app.freerouting.datastructures.PlanarDelaunayTriangulation	left_triangle	leftTriangle
app.freerouting.datastructures.PlanarDelaunayTriangulation	right_triangle	rightTriangle
app.freerouting.datastructures.PlanarDelaunayTriangulation	left_opposite_corner	leftOppositeCorner
app.freerouting.datastructures.PlanarDelaunayTriangulation	right_opposite_corner	rightOppositeCorner
app.freerouting.datastructures.PlanarDelaunayTriangulation	inside_circle	insideCircle
app.freerouting.datastructures.PlanarDelaunayTriangulation	first_parent	firstParent
app.freerouting.datastructures.PlanarDelaunayTriangulation	left_index	leftIndex
app.freerouting.datastructures.PlanarDelaunayTriangulation	right_index	rightIndex
app.freerouting.datastructures.PlanarDelaunayTriangulation	left_prev_edge	leftPrevEdge
app.freerouting.datastructures.PlanarDelaunayTriangulation	left_next_edge	leftNextEdge
app.freerouting.datastructures.PlanarDelaunayTriangulation	right_prev_edge	rightPrevEdge
app.freerouting.datastructures.PlanarDelaunayTriangulation	right_next_edge	rightNextEdge
app.freerouting.datastructures.PlanarDelaunayTriangulation	curr_edge_lines	currEdgeLines
app.freerouting.datastructures.PlanarDelaunayTriangulation	new_left_triangle	newLeftTriangle
app.freerouting.datastructures.PlanarDelaunayTriangulation	new_right_triangle	newRightTriangle
app.freerouting.datastructures.PlanarDelaunayTriangulation	is_on_the_left_of_edge_line	isOnTheLeftOfEdgeLine
app.freerouting.datastructures.PlanarDelaunayTriangulation	edge_line_no	edgeLineNo
app.freerouting.datastructures.PlanarDelaunayTriangulation	next_edge	nextEdge
app.freerouting.datastructures.PlanarDelaunayTriangulation	new_edges	newEdges
app.freerouting.datastructures.PlanarDelaunayTriangulation	this_touching_edge_no	thisTouchingEdgeNo
app.freerouting.datastructures.PlanarDelaunayTriangulation	neighbour_touching_edge_no	neighbourTouchingEdgeNo
app.freerouting.datastructures.PlanarDelaunayTriangulation	touching_edge	touchingEdge
app.freerouting.datastructures.PlanarDelaunayTriangulation	other_touching_edge	otherTouchingEdge
app.freerouting.datastructures.PlanarDelaunayTriangulation	first_common_new_edge	firstCommonNewEdge
app.freerouting.datastructures.PlanarDelaunayTriangulation	second_common_new_edge	secondCommonNewEdge
app.freerouting.datastructures.PlanarDelaunayTriangulation	prev_edge	prevEdge
app.freerouting.datastructures.PlanarDelaunayTriangulation	this_splitting_edge	thisSplittingEdge
app.freerouting.datastructures.PlanarDelaunayTriangulation	neighbour_splitting_edge	neighbourSplittingEdge
app.freerouting.datastructures.PlanarDelaunayTriangulation	prev_end_corner	prevEndCorner
app.freerouting.datastructures.PlanarDelaunayTriangulation	curr_start_corner	currStartCorner
app.freerouting.datastructures.ShapeTree	bounding_directions	boundingDirections
app.freerouting.datastructures.ShapeTree	leaf_count	leafCount
app.freerouting.datastructures.ShapeTree	shape_count	shapeCount
app.freerouting.datastructures.ShapeTree	leaf_arr	leafArr
app.freerouting.datastructures.ShapeTree	object_shape	objectShape
app.freerouting.datastructures.ShapeTree	bounding_shape	boundingShape
app.freerouting.datastructures.ShapeTree	new_leaf	newLeaf
app.freerouting.datastructures.ShapeTree	curr_node	currNode
app.freerouting.datastructures.ShapeTree	curr_index	currIndex
app.freerouting.datastructures.ShapeTree	curr_parent	currParent
app.freerouting.datastructures.ShapeTree	cumulative_depth	cumulativeDepth
app.freerouting.datastructures.ShapeTree	maximum_depth	maximumDepth
app.freerouting.datastructures.ShapeTree	distance_to_root	distanceToRoot
app.freerouting.datastructures.ShapeTree	average_depth	averageDepth
app.freerouting.datastructures.ShapeTree	shape_index_in_object	shapeIndexInObject
app.freerouting.datastructures.ShapeTree	first_child	firstChild
app.freerouting.datastructures.ShapeTree	second_child	secondChild
app.freerouting.datastructures.used	time_stamp	timeStamp
app.freerouting.datastructures.used	time_limit	timeLimit
app.freerouting.datastructures.used	curr_time	currTime
app.freerouting.datastructures.used	new_limit	newLimit
app.freerouting.datastructures.UndoableObjects	deleted_objects_stack	deletedObjectsStack
app.freerouting.datastructures.UndoableObjects	stack_level	stackLevel
app.freerouting.datastructures.UndoableObjects	redo_possible	redoPossible
app.freerouting.datastructures.UndoableObjects	curr_node	currNode
app.freerouting.datastructures.UndoableObjects	curr_undoable_object	currUndoableObject
app.freerouting.datastructures.UndoableObjects	curr_delete_list	currDeleteList
app.freerouting.datastructures.UndoableObjects	object_node	objectNode
app.freerouting.datastructures.UndoableObjects	curr_deleted_objects_list	currDeletedObjectsList
app.freerouting.datastructures.UndoableObjects	deleted_objects_stack_size	deletedObjectsStackSize
app.freerouting.datastructures.UndoableObjects	from_delete_list	fromDeleteList
app.freerouting.datastructures.UndoableObjects	to_delete_list	toDeleteList
app.freerouting.datastructures.UndoableObjects	old_node	oldNode
app.freerouting.datastructures.UndoableObjects	undo_object	undoObject
app.freerouting.datastructures.UndoableObjects	redo_object	redoObject
app.freerouting.drc.AirLine	from_item	fromItem
app.freerouting.drc.AirLine	from_corner	fromCorner
app.freerouting.drc.AirLine	to_item	toItem
app.freerouting.drc.AirLine	to_corner	toCorner
app.freerouting.drc.ClearanceViolation	first_item	firstItem
app.freerouting.drc.ClearanceViolation	second_item	secondItem
app.freerouting.drc.ClearanceViolation	expected_clearance	expectedClearance
app.freerouting.drc.ClearanceViolation	actual_clearance	actualClearance
app.freerouting.drc.ClearanceViolation	clearance_violation_info_expected_clearance	clearanceViolationInfoExpectedClearance
app.freerouting.drc.is	max_connections	maxConnections
app.freerouting.drc.is	net_incompletes	netIncompletes
app.freerouting.drc.is	max_net_no	maxNetNo
app.freerouting.drc.is	net_item_lists	netItemLists
app.freerouting.drc.is	curr_item	currItem
app.freerouting.drc.is	net_items	netItems
app.freerouting.drc.is	net_no	netNo
app.freerouting.drc.is	item_list	itemList
app.freerouting.drc.is	curr_index	currIndex
app.freerouting.drc.is	curr_list	currList
app.freerouting.drc.DrcReport	coordinate_units	coordinateUnits
app.freerouting.drc.DrcReport	kicad_version	kicadVersion
app.freerouting.drc.DrcReport	freerouting_version	freeroutingVersion
app.freerouting.drc.DrcReport	unconnected_items	unconnectedItems
app.freerouting.drc.DrcReport	schematic_parity	schematicParity
app.freerouting.drc.DrcReport	quality_score	qualityScore
app.freerouting.drc.is	draw_marker_radius	drawMarkerRadius
app.freerouting.drc.is	length_violation	lengthViolation
app.freerouting.drc.is	connected_group_count	connectedGroupCount
app.freerouting.drc.is	filtered_items	filteredItems
app.freerouting.drc.is	dangling_count	danglingCount
app.freerouting.drc.is	unconnected_count	unconnectedCount
app.freerouting.drc.is	conduction_area_count	conductionAreaCount
app.freerouting.drc.is	conduction_area_filtered_count	conductionAreaFilteredCount
app.freerouting.drc.is	unique_connected_sets	uniqueConnectedSets
app.freerouting.drc.is	triangulation_objects	triangulationObjects
app.freerouting.drc.is	triangulation_lines	triangulationLines
app.freerouting.drc.is	sorted_edges	sortedEdges
app.freerouting.drc.is	new_edge	newEdge
app.freerouting.drc.is	curr_net	currNet
app.freerouting.drc.is	old_violation	oldViolation
app.freerouting.drc.is	max_length	maxLength
app.freerouting.drc.is	min_length	minLength
app.freerouting.drc.is	new_violation	newViolation
app.freerouting.drc.is	trace_length	traceLength
app.freerouting.drc.is	unique_items	uniqueItems
app.freerouting.drc.is	unique_items_count	uniqueItemsCount
app.freerouting.drc.is	start_item	startItem
app.freerouting.drc.is	curr_connected_set	currConnectedSet
app.freerouting.drc.is	items_in_component	itemsInComponent
app.freerouting.drc.is	from_item	fromItem
app.freerouting.drc.is	from_corner	fromCorner
app.freerouting.drc.is	to_item	toItem
app.freerouting.drc.is	to_corner	toCorner
app.freerouting.drc.is	length_square	lengthSquare
app.freerouting.drc.is	connected_set	connectedSet
app.freerouting.drc.represents	first_item	firstItem
app.freerouting.drc.represents	second_item	secondItem
app.freerouting.drc.represents	all_items	allItems
app.freerouting.geometry.planar.Direction	tmp_1	tmp1
app.freerouting.geometry.planar.Direction	tmp_2	tmp2
app.freerouting.geometry.planar.Circle	sqrt2_minus_1	sqrt2Minus1
app.freerouting.geometry.planar.Circle	ceil_corner_value	ceilCornerValue
app.freerouting.geometry.planar.Circle	floor_corner_value	floorCornerValue
app.freerouting.geometry.planar.Circle	quadrant_division_count	quadrantDivisionCount
app.freerouting.geometry.planar.Circle	tangent_line_arr	tangentLineArr
app.freerouting.geometry.planar.Circle	border_delta	borderDelta
app.freerouting.geometry.planar.Circle	curr_angle	currAngle
app.freerouting.geometry.planar.Circle	curr_x	currX
app.freerouting.geometry.planar.Circle	curr_y	currY
app.freerouting.geometry.planar.Circle	curr_a	currA
app.freerouting.geometry.planar.Circle	curr_b	currB
app.freerouting.geometry.planar.Circle	curr_dir	currDir
app.freerouting.geometry.planar.Circle	curr_tangent	currTangent
app.freerouting.geometry.planar.Circle	new_center	newCenter
app.freerouting.geometry.planar.Circle	new_radius	newRadius
app.freerouting.geometry.planar.Circle	d_square	dSquare
app.freerouting.geometry.planar.Circle	center_string	centerString
app.freerouting.geometry.planar.Circle	radius_string	radiusString
app.freerouting.geometry.planar.defining	scale_factor	scaleFactor
app.freerouting.geometry.planar.defining	this_vector	thisVector
app.freerouting.geometry.planar.defining	other_vector	otherVector
app.freerouting.geometry.planar.Ellipse	bigger_radius	biggerRadius
app.freerouting.geometry.planar.Ellipse	smaller_radius	smallerRadius
app.freerouting.geometry.planar.Ellipse	curr_rotation	currRotation
app.freerouting.geometry.planar.Line	det_1	det1
app.freerouting.geometry.planar.Line	det_2	det2
app.freerouting.geometry.planar.Line	is_x	isX
app.freerouting.geometry.planar.Line	is_y	isY
app.freerouting.geometry.planar.Line	new_a	newA
app.freerouting.geometry.planar.Line	rel_x	relX
app.freerouting.geometry.planar.Line	rel_y	relY
app.freerouting.geometry.planar.Line	new_b	newB
app.freerouting.geometry.planar.Line	projected_a	projectedA
app.freerouting.geometry.planar.Line	projected_b	projectedB
app.freerouting.geometry.planar.Line	curr_perpendicular_line	currPerpendicularLine
app.freerouting.geometry.planar.Line	new_length	newLength
app.freerouting.geometry.planar.Line	line_length	lineLength
app.freerouting.geometry.planar.Line	section_length	sectionLength
app.freerouting.geometry.planar.Line	curr_a	currA
app.freerouting.geometry.planar.Line	curr_b	currB
app.freerouting.geometry.planar.Line	curr_b_dist	currBDist
app.freerouting.geometry.planar.Line	curr_b_x	currBX
app.freerouting.geometry.planar.Line	curr_b_y	currBY
app.freerouting.geometry.planar.Point	delta_x	deltaX
app.freerouting.geometry.planar.Point	delta_y	deltaY
app.freerouting.geometry.planar.Point	rounded_x	roundedX
app.freerouting.geometry.planar.Point	rounded_y	roundedY
app.freerouting.geometry.planar.Point	dx_1	dx1
app.freerouting.geometry.planar.Point	dx_2	dx2
app.freerouting.geometry.planar.Point	dy_1	dy1
app.freerouting.geometry.planar.Point	dy_2	dy2
app.freerouting.geometry.planar.Point	new_x	newX
app.freerouting.geometry.planar.Point	new_y	newY
app.freerouting.geometry.planar.Point	middle_x	middleX
app.freerouting.geometry.planar.Point	middle_y	middleY
app.freerouting.geometry.planar.Point	d21_x	d21X
app.freerouting.geometry.planar.Point	d21_y	d21Y
app.freerouting.geometry.planar.Point	d01_x	d01X
app.freerouting.geometry.planar.Point	d01_y	d01Y
app.freerouting.geometry.planar.Point	sin_angle	sinAngle
app.freerouting.geometry.planar.Point	cos_angle	cosAngle
app.freerouting.geometry.planar.Point	new_dx	newDx
app.freerouting.geometry.planar.Point	new_dy	newDy
app.freerouting.geometry.planar.Point	min_x	minX
app.freerouting.geometry.planar.Point	max_x	maxX
app.freerouting.geometry.planar.Point	min_y	minY
app.freerouting.geometry.planar.Point	max_y	maxY
app.freerouting.geometry.planar.Point	lower_left	lowerLeft
app.freerouting.geometry.planar.Point	upper_right	upperRight
app.freerouting.geometry.planar.Point	situation_turned	situationTurned
app.freerouting.geometry.planar.Point	circle_center	circleCenter
app.freerouting.geometry.planar.Point	dx_square	dxSquare
app.freerouting.geometry.planar.Point	dy_square	dySquare
app.freerouting.geometry.planar.Point	dist_square	distSquare
app.freerouting.geometry.planar.Point	radius_square	radiusSquare
app.freerouting.geometry.planar.Point	square_root	squareRoot
app.freerouting.geometry.planar.Point	first_point_y	firstPointY
app.freerouting.geometry.planar.Point	first_point_x	firstPointX
app.freerouting.geometry.planar.Point	second_point_y	secondPointY
app.freerouting.geometry.planar.Point	second_point_x	secondPointX
app.freerouting.geometry.planar.Point	tangent_points	tangentPoints
app.freerouting.geometry.planar.Point	slope_1	slope1
app.freerouting.geometry.planar.Point	slope_2	slope2
app.freerouting.geometry.planar.Point	x_center	xCenter
app.freerouting.geometry.planar.Point	y_center	yCenter
app.freerouting.geometry.planar.IntBox	lower_x_diff	lowerXDiff
app.freerouting.geometry.planar.IntBox	upper_x_diff	upperXDiff
app.freerouting.geometry.planar.IntBox	lower_y_diff	lowerYDiff
app.freerouting.geometry.planar.IntBox	upper_y_diff	upperYDiff
app.freerouting.geometry.planar.IntBox	min_diff	minDiff
app.freerouting.geometry.planar.IntBox	second_min_diff	secondMinDiff
app.freerouting.geometry.planar.IntBox	nearest_projection_x	nearestProjectionX
app.freerouting.geometry.planar.IntBox	nearest_projection_y	nearestProjectionY
app.freerouting.geometry.planar.IntBox	second_nearest_projection_x	secondNearestProjectionX
app.freerouting.geometry.planar.IntBox	second_nearest_projection_y	secondNearestProjectionY
app.freerouting.geometry.planar.IntBox	max_ll_x	maxLlX
app.freerouting.geometry.planar.IntBox	max_ll_y	maxLlY
app.freerouting.geometry.planar.IntBox	min_ur_x	minUrX
app.freerouting.geometry.planar.IntBox	min_ur_y	minUrY
app.freerouting.geometry.planar.IntBox	delta_x	deltaX
app.freerouting.geometry.planar.IntBox	delta_y	deltaY
app.freerouting.geometry.planar.IntBox	new_ll	newLl
app.freerouting.geometry.planar.IntBox	new_ur	newUr
app.freerouting.geometry.planar.IntBox	a_x	aX
app.freerouting.geometry.planar.IntBox	a_y	aY
app.freerouting.geometry.planar.IntBox	b_x	bX
app.freerouting.geometry.planar.IntBox	b_y	bY
app.freerouting.geometry.planar.IntBox	lower_left	lowerLeft
app.freerouting.geometry.planar.IntBox	upper_right	upperRight
app.freerouting.geometry.planar.IntBox	ll_x	llX
app.freerouting.geometry.planar.IntBox	ur_x	urX
app.freerouting.geometry.planar.IntBox	ll_y	llY
app.freerouting.geometry.planar.IntBox	ur_y	urY
app.freerouting.geometry.planar.IntBox	line_arr	lineArr
app.freerouting.geometry.planar.IntBox	x_count	xCount
app.freerouting.geometry.planar.IntBox	y_count	yCount
app.freerouting.geometry.planar.IntBox	section_length_x	sectionLengthX
app.freerouting.geometry.planar.IntBox	section_length_y	sectionLengthY
app.freerouting.geometry.planar.IntBox	curr_index	currIndex
app.freerouting.geometry.planar.IntBox	curr_lly	currLly
app.freerouting.geometry.planar.IntBox	curr_ury	currUry
app.freerouting.geometry.planar.IntBox	curr_llx	currLlx
app.freerouting.geometry.planar.IntBox	curr_urx	currUrx
app.freerouting.geometry.planar.IntBox	tmp_result	tmpResult
app.freerouting.geometry.planar.Direction	new_x	newX
app.freerouting.geometry.planar.Direction	new_y	newY
app.freerouting.geometry.planar.extends	precalculated_to_simplex	precalculatedToSimplex
app.freerouting.geometry.planar.extends	a_x	aX
app.freerouting.geometry.planar.extends	a_y	aY
app.freerouting.geometry.planar.extends	b_x	bX
app.freerouting.geometry.planar.extends	b_y	bY
app.freerouting.geometry.planar.extends	rel_coor	relCoor
app.freerouting.geometry.planar.extends	width_1	width1
app.freerouting.geometry.planar.extends	dia_width	diaWidth
app.freerouting.geometry.planar.extends	new_lx	newLx
app.freerouting.geometry.planar.extends	new_rx	newRx
app.freerouting.geometry.planar.extends	new_ly	newLy
app.freerouting.geometry.planar.extends	new_uy	newUy
app.freerouting.geometry.planar.extends	new_llx	newLlx
app.freerouting.geometry.planar.extends	new_ulx	newUlx
app.freerouting.geometry.planar.extends	new_lrx	newLrx
app.freerouting.geometry.planar.extends	new_urx	newUrx
app.freerouting.geometry.planar.extends	diag_upper_y	diagUpperY
app.freerouting.geometry.planar.extends	diag_lower_y	diagLowerY
app.freerouting.geometry.planar.extends	diag_right_x	diagRightX
app.freerouting.geometry.planar.extends	diag_left_x	diagLeftX
app.freerouting.geometry.planar.extends	line_arr	lineArr
app.freerouting.geometry.planar.extends	curr_simplex	currSimplex
app.freerouting.geometry.planar.extends	tmp_1	tmp1
app.freerouting.geometry.planar.extends	tmp_2	tmp2
app.freerouting.geometry.planar.extends	is_lx	isLx
app.freerouting.geometry.planar.extends	is_rx	isRx
app.freerouting.geometry.planar.extends	is_ly	isLy
app.freerouting.geometry.planar.extends	is_uy	isUy
app.freerouting.geometry.planar.extends	is_llx	isLlx
app.freerouting.geometry.planar.extends	is_urx	isUrx
app.freerouting.geometry.planar.extends	is_ulx	isUlx
app.freerouting.geometry.planar.extends	is_lrx	isLrx
app.freerouting.geometry.planar.extends	result_x	resultX
app.freerouting.geometry.planar.extends	result_y	resultY
app.freerouting.geometry.planar.extends	min_dist	minDist
app.freerouting.geometry.planar.extends	inside_point	insidePoint
app.freerouting.geometry.planar.extends	curr_border_point	currBorderPoint
app.freerouting.geometry.planar.extends	curr_dist	currDist
app.freerouting.geometry.planar.extends	curr_oct	currOct
app.freerouting.geometry.planar.extends	curr_1	curr1
app.freerouting.geometry.planar.extends	curr_2	curr2
app.freerouting.geometry.planar.Point	tmp_1	tmp1
app.freerouting.geometry.planar.Point	tmp_2	tmp2
app.freerouting.geometry.planar.Point	point_x	pointX
app.freerouting.geometry.planar.Point	point_y	pointY
app.freerouting.geometry.planar.Point	proj_x	projX
app.freerouting.geometry.planar.Point	proj_y	projY
app.freerouting.geometry.planar.Point	horizontal_distance	horizontalDistance
app.freerouting.geometry.planar.Point	vertical_distance	verticalDistance
app.freerouting.geometry.planar.Point	dist_arr	distArr
app.freerouting.geometry.planar.Point	diagonal_1	diagonal1
app.freerouting.geometry.planar.Point	diagonal_2	diagonal2
app.freerouting.geometry.planar.Point	min_dist	minDist
app.freerouting.geometry.planar.Point	diagonal_value	diagonalValue
app.freerouting.geometry.planar.IntVector	new_x	newX
app.freerouting.geometry.planar.IntVector	new_y	newY
app.freerouting.geometry.planar.IntVector	new_point	newPoint
app.freerouting.geometry.planar.Line	this_a	thisA
app.freerouting.geometry.planar.Line	this_b	thisB
app.freerouting.geometry.planar.Line	other_a	otherA
app.freerouting.geometry.planar.Line	intersection_approx	intersectionApprox
app.freerouting.geometry.planar.Line	delta_1	delta1
app.freerouting.geometry.planar.Line	delta_2	delta2
app.freerouting.geometry.planar.Line	this_x	thisX
app.freerouting.geometry.planar.Line	this_y	thisY
app.freerouting.geometry.planar.Line	other_x	otherX
app.freerouting.geometry.planar.Line	other_y	otherY
app.freerouting.geometry.planar.Line	tmp_1	tmp1
app.freerouting.geometry.planar.Line	tmp_2	tmp2
app.freerouting.geometry.planar.Line	other_b	otherB
app.freerouting.geometry.planar.Line	line_side	lineSide
app.freerouting.geometry.planar.Line	check_point_1	checkPoint1
app.freerouting.geometry.planar.Line	check_point_2	checkPoint2
app.freerouting.geometry.planar.Line	nearest_line_point	nearestLinePoint
app.freerouting.geometry.planar.LineSegment	precalculated_start_point	precalculatedStartPoint
app.freerouting.geometry.planar.LineSegment	precalculated_end_point	precalculatedEndPoint
app.freerouting.geometry.planar.LineSegment	line_count	lineCount
app.freerouting.geometry.planar.LineSegment	line_arr	lineArr
app.freerouting.geometry.planar.LineSegment	perpendicular_direction	perpendicularDirection
app.freerouting.geometry.planar.LineSegment	perpendicular_line	perpendicularLine
app.freerouting.geometry.planar.LineSegment	start_point_side	startPointSide
app.freerouting.geometry.planar.LineSegment	end_point_side	endPointSide
app.freerouting.geometry.planar.LineSegment	start_corner	startCorner
app.freerouting.geometry.planar.LineSegment	end_corner	endCorner
app.freerouting.geometry.planar.LineSegment	lower_left	lowerLeft
app.freerouting.geometry.planar.LineSegment	upper_right	upperRight
app.freerouting.geometry.planar.LineSegment	start_x_minus_y	startXMinusY
app.freerouting.geometry.planar.LineSegment	end_x_minus_y	endXMinusY
app.freerouting.geometry.planar.LineSegment	start_x_plus_y	startXPlusY
app.freerouting.geometry.planar.LineSegment	end_x_plus_y	endXPlusY
app.freerouting.geometry.planar.LineSegment	new_end_point	newEndPoint
app.freerouting.geometry.planar.LineSegment	new_end_line	newEndLine
app.freerouting.geometry.planar.LineSegment	this_sorted	thisSorted
app.freerouting.geometry.planar.LineSegment	other_sorted	otherSorted
app.freerouting.geometry.planar.LineSegment	left_line	leftLine
app.freerouting.geometry.planar.LineSegment	right_line	rightLine
app.freerouting.geometry.planar.LineSegment	start_point	startPoint
app.freerouting.geometry.planar.LineSegment	end_point	endPoint
app.freerouting.geometry.planar.LineSegment	abs_dx	absDx
app.freerouting.geometry.planar.LineSegment	abs_dy	absDy
app.freerouting.geometry.planar.LineSegment	function_of_x	functionOfX
app.freerouting.geometry.planar.LineSegment	stair_width	stairWidth
app.freerouting.geometry.planar.LineSegment	stair_count	stairCount
app.freerouting.geometry.planar.LineSegment	change_x_first	changeXFirst
app.freerouting.geometry.planar.LineSegment	curr_index	currIndex
app.freerouting.geometry.planar.LineSegment	prev_line_point_x	prevLinePointX
app.freerouting.geometry.planar.LineSegment	prev_line_point_y	prevLinePointY
app.freerouting.geometry.planar.LineSegment	curr_line_point_x	currLinePointX
app.freerouting.geometry.planar.LineSegment	curr_line_point_y	currLinePointY
app.freerouting.geometry.planar.LineSegment	abs_delta	absDelta
app.freerouting.geometry.planar.LineSegment	prev_line_point	prevLinePoint
app.freerouting.geometry.planar.LineSegment	curr_line_point	currLinePoint
app.freerouting.geometry.planar.LineSegment	curr_x	currX
app.freerouting.geometry.planar.LineSegment	curr_y	currY
app.freerouting.geometry.planar.LineSegment	diagonal_first	diagonalFirst
app.freerouting.geometry.planar.LineSegment	empty_result	emptyResult
app.freerouting.geometry.planar.LineSegment	edge_count	edgeCount
app.freerouting.geometry.planar.LineSegment	prev_line	prevLine
app.freerouting.geometry.planar.LineSegment	curr_line	currLine
app.freerouting.geometry.planar.LineSegment	intersection_count	intersectionCount
app.freerouting.geometry.planar.LineSegment	line_start	lineStart
app.freerouting.geometry.planar.LineSegment	line_end	lineEnd
app.freerouting.geometry.planar.LineSegment	next_line	nextLine
app.freerouting.geometry.planar.LineSegment	prev_line_side_of_is	prevLineSideOfIs
app.freerouting.geometry.planar.LineSegment	next_line_side_of_is	nextLineSideOfIs
app.freerouting.geometry.planar.LineSegment	prev_prev_corner	prevPrevCorner
app.freerouting.geometry.planar.LineSegment	next_corner	nextCorner
app.freerouting.geometry.planar.LineSegment	prev_prev_corner_side	prevPrevCornerSide
app.freerouting.geometry.planar.LineSegment	next_corner_side	nextCornerSide
app.freerouting.geometry.planar.LineSegment	prev_corner	prevCorner
app.freerouting.geometry.planar.LineSegment	next_next_corner	nextNextCorner
app.freerouting.geometry.planar.LineSegment	prev_corner_side	prevCornerSide
app.freerouting.geometry.planar.LineSegment	next_next_corner_side	nextNextCornerSide
app.freerouting.geometry.planar.LineSegment	intersection_already_handled	intersectionAlreadyHandled
app.freerouting.geometry.planar.LineSegment	curr_start	currStart
app.freerouting.geometry.planar.LineSegment	normalised_result	normalisedResult
app.freerouting.geometry.planar.LineSegment	swap_endlines	swapEndlines
app.freerouting.geometry.planar.Polygon	corner_removed	cornerRemoved
app.freerouting.geometry.planar.Polygon	curr_ob	currOb
app.freerouting.geometry.planar.Polygon	next_ob	nextOb
app.freerouting.geometry.planar.Polygon	prev_i	prevI
app.freerouting.geometry.planar.Polygon	corner_count	cornerCount
app.freerouting.geometry.planar.Polygon	corner_arr	cornerArr
app.freerouting.geometry.planar.Polygon	reverse_corner_arr	reverseCornerArr
app.freerouting.geometry.planar.Polygon	first_side_vector	firstSideVector
app.freerouting.geometry.planar.Polygon	prev_side_vector	prevSideVector
app.freerouting.geometry.planar.Polygon	angle_sum	angleSum
app.freerouting.geometry.planar.Polygon	next_side_vector	nextSideVector
app.freerouting.geometry.planar.PolygonShape	precalculated_bounding_box	precalculatedBoundingBox
app.freerouting.geometry.planar.PolygonShape	precalculated_bounding_octagon	precalculatedBoundingOctagon
app.freerouting.geometry.planar.PolygonShape	precalculated_convex_pieces	precalculatedConvexPieces
app.freerouting.geometry.planar.PolygonShape	curr_polygon	currPolygon
app.freerouting.geometry.planar.PolygonShape	curr_corners	currCorners
app.freerouting.geometry.planar.PolygonShape	last_corner_no	lastCornerNo
app.freerouting.geometry.planar.PolygonShape	last_point_collinear	lastPointCollinear
app.freerouting.geometry.planar.PolygonShape	first_corner_no	firstCornerNo
app.freerouting.geometry.planar.PolygonShape	first_point_collinear	firstPointCollinear
app.freerouting.geometry.planar.PolygonShape	start_corner_no	startCornerNo
app.freerouting.geometry.planar.PolygonShape	start_corner	startCorner
app.freerouting.geometry.planar.PolygonShape	curr_corner	currCorner
app.freerouting.geometry.planar.PolygonShape	new_corner_count	newCornerCount
app.freerouting.geometry.planar.PolygonShape	curr_corner_no	currCornerNo
app.freerouting.geometry.planar.PolygonShape	convex_pieces	convexPieces
app.freerouting.geometry.planar.PolygonShape	new_corners	newCorners
app.freerouting.geometry.planar.PolygonShape	lower_left	lowerLeft
app.freerouting.geometry.planar.PolygonShape	upper_right	upperRight
app.freerouting.geometry.planar.PolygonShape	prev_point	prevPoint
app.freerouting.geometry.planar.PolygonShape	curr_point	currPoint
app.freerouting.geometry.planar.PolygonShape	next_point	nextPoint
app.freerouting.geometry.planar.PolygonShape	first_line	firstLine
app.freerouting.geometry.planar.PolygonShape	curr_line	currLine
app.freerouting.geometry.planar.PolygonShape	first_direction	firstDirection
app.freerouting.geometry.planar.PolygonShape	curr_direction	currDirection
app.freerouting.geometry.planar.PolygonShape	last_det	lastDet
app.freerouting.geometry.planar.PolygonShape	curr_det	currDet
app.freerouting.geometry.planar.PolygonShape	bounding_lines	boundingLines
app.freerouting.geometry.planar.PolygonShape	prev_corner	prevCorner
app.freerouting.geometry.planar.PolygonShape	next_corner	nextCorner
app.freerouting.geometry.planar.PolygonShape	min_dist	minDist
app.freerouting.geometry.planar.PolygonShape	convex_shapes	convexShapes
app.freerouting.geometry.planar.PolygonShape	curr_nearest_point	currNearestPoint
app.freerouting.geometry.planar.PolygonShape	curr_dist	currDist
app.freerouting.geometry.planar.PolygonShape	curr_piece	currPiece
app.freerouting.geometry.planar.PolygonShape	concave_corner_no	concaveCornerNo
app.freerouting.geometry.planar.PolygonShape	corner_count	cornerCount
app.freerouting.geometry.planar.PolygonShape	first_arr	firstArr
app.freerouting.geometry.planar.PolygonShape	corner_ind	cornerInd
app.freerouting.geometry.planar.PolygonShape	first_piece	firstPiece
app.freerouting.geometry.planar.PolygonShape	last_arr	lastArr
app.freerouting.geometry.planar.PolygonShape	last_piece	lastPiece
app.freerouting.geometry.planar.PolygonShape	corner_no_after_projection	cornerNoAfterProjection
app.freerouting.geometry.planar.PolygonShape	concave_corner	concaveCorner
app.freerouting.geometry.planar.PolygonShape	before_concave_corner	beforeConcaveCorner
app.freerouting.geometry.planar.PolygonShape	after_concave_corner	afterConcaveCorner
app.freerouting.geometry.planar.PolygonShape	search_right	searchRight
app.freerouting.geometry.planar.PolygonShape	search_left	searchLeft
app.freerouting.geometry.planar.PolygonShape	search_up	searchUp
app.freerouting.geometry.planar.PolygonShape	search_down	searchDown
app.freerouting.geometry.planar.PolygonShape	min_projection_dist	minProjectionDist
app.freerouting.geometry.planar.PolygonShape	min_projection	minProjection
app.freerouting.geometry.planar.PolygonShape	corner_no_after_min_projection	cornerNoAfterMinProjection
app.freerouting.geometry.planar.PolygonShape	corner_no_after_curr_projection	cornerNoAfterCurrProjection
app.freerouting.geometry.planar.PolygonShape	corner_before_curr_projection	cornerBeforeCurrProjection
app.freerouting.geometry.planar.PolygonShape	corner_before_projection_approx	cornerBeforeProjectionApprox
app.freerouting.geometry.planar.PolygonShape	loop_end	loopEnd
app.freerouting.geometry.planar.PolygonShape	corner_after_curr_projection	cornerAfterCurrProjection
app.freerouting.geometry.planar.PolygonShape	corner_after_projection_approx	cornerAfterProjectionApprox
app.freerouting.geometry.planar.PolygonShape	min_y	minY
app.freerouting.geometry.planar.PolygonShape	max_y	maxY
app.freerouting.geometry.planar.PolygonShape	x_intersect	xIntersect
app.freerouting.geometry.planar.PolygonShape	projection_ok	projectionOk
app.freerouting.geometry.planar.PolygonShape	min_x	minX
app.freerouting.geometry.planar.PolygonShape	max_x	maxX
app.freerouting.geometry.planar.PolygonShape	y_intersect	yIntersect
app.freerouting.geometry.planar.Polyline	precalculated_float_corners	precalculatedFloatCorners
app.freerouting.geometry.planar.Polyline	precalculated_corners	precalculatedCorners
app.freerouting.geometry.planar.Polyline	precalculated_bounding_box	precalculatedBoundingBox
app.freerouting.geometry.planar.Polyline	point_arr	pointArr
app.freerouting.geometry.planar.Polyline	side_of_line	sideOfLine
app.freerouting.geometry.planar.Polyline	tmp_arr	tmpArr
app.freerouting.geometry.planar.Polyline	new_length	newLength
app.freerouting.geometry.planar.Polyline	first_corner	firstCorner
app.freerouting.geometry.planar.Polyline	reversed_lines	reversedLines
app.freerouting.geometry.planar.Polyline	from_corner	fromCorner
app.freerouting.geometry.planar.Polyline	to_corner	toCorner
app.freerouting.geometry.planar.Polyline	from_no	fromNo
app.freerouting.geometry.planar.Polyline	to_no	toNo
app.freerouting.geometry.planar.Polyline	shape_count	shapeCount
app.freerouting.geometry.planar.Polyline	shape_arr	shapeArr
app.freerouting.geometry.planar.Polyline	prev_dir	prevDir
app.freerouting.geometry.planar.Polyline	curr_dir	currDir
app.freerouting.geometry.planar.Polyline	next_dir	nextDir
app.freerouting.geometry.planar.Polyline	next_dir_from_curr_dir	nextDirFromCurrDir
app.freerouting.geometry.planar.Polyline	curr_dir_from_prev_dir	currDirFromPrevDir
app.freerouting.geometry.planar.Polyline	corner_to_check	cornerToCheck
app.freerouting.geometry.planar.Polyline	curr_line	currLine
app.freerouting.geometry.planar.Polyline	check_line	checkLine
app.freerouting.geometry.planar.Polyline	check_distance_corner	checkDistanceCorner
app.freerouting.geometry.planar.Polyline	check_dist_square	checkDistSquare
app.freerouting.geometry.planar.Polyline	cut_dog_ear_lines	cutDogEarLines
app.freerouting.geometry.planar.Polyline	tmp_curr_dir	tmpCurrDir
app.freerouting.geometry.planar.Polyline	direction_changed	directionChanged
app.freerouting.geometry.planar.Polyline	tmp_next_dir	tmpNextDir
app.freerouting.geometry.planar.Polyline	next_border_line	nextBorderLine
app.freerouting.geometry.planar.Polyline	tmp_next_dir_from_tmp_curr_dir	tmpNextDirFromTmpCurrDir
app.freerouting.geometry.planar.Polyline	tmp_prev_dir	tmpPrevDir
app.freerouting.geometry.planar.Polyline	prev_border_line	prevBorderLine
app.freerouting.geometry.planar.Polyline	tmp_curr_dir_from_tmp_prev_dir	tmpCurrDirFromTmpPrevDir
app.freerouting.geometry.planar.Polyline	cut_line_count	cutLineCount
app.freerouting.geometry.planar.Polyline	cut_lines	cutLines
app.freerouting.geometry.planar.Polyline	curr_shape_no	currShapeNo
app.freerouting.geometry.planar.Polyline	bounding_shape	boundingShape
app.freerouting.geometry.planar.Polyline	surr_oct	surrOct
app.freerouting.geometry.planar.Polyline	surr_box	surrBox
app.freerouting.geometry.planar.Polyline	offset_box	offsetBox
app.freerouting.geometry.planar.Polyline	curr_line_segment	currLineSegment
app.freerouting.geometry.planar.Polyline	new_arr	newArr
app.freerouting.geometry.planar.Polyline	new_corners	newCorners
app.freerouting.geometry.planar.Polyline	from_corner_no	fromCornerNo
app.freerouting.geometry.planar.Polyline	to_corner_no	toCornerNo
app.freerouting.geometry.planar.Polyline	curr_corner	currCorner
app.freerouting.geometry.planar.Polyline	lower_left	lowerLeft
app.freerouting.geometry.planar.Polyline	upper_right	upperRight
app.freerouting.geometry.planar.Polyline	min_distance	minDistance
app.freerouting.geometry.planar.Polyline	nearest_point	nearestPoint
app.freerouting.geometry.planar.Polyline	curr_distance	currDistance
app.freerouting.geometry.planar.Polyline	c_tolerance	cTolerance
app.freerouting.geometry.planar.Polyline	segment_length	segmentLength
app.freerouting.geometry.planar.Polyline	combine_at_start	combineAtStart
app.freerouting.geometry.planar.Polyline	combine_other_at_start	combineOtherAtStart
app.freerouting.geometry.planar.Polyline	line_arr	lineArr
app.freerouting.geometry.planar.Polyline	new_end_corner	newEndCorner
app.freerouting.geometry.planar.Polyline	first_piece	firstPiece
app.freerouting.geometry.planar.Polyline	second_piece	secondPiece
app.freerouting.geometry.planar.Polyline	new_lines	newLines
app.freerouting.geometry.planar.Polyline	curr_segment	currSegment
app.freerouting.geometry.planar.Polyline	from_point	fromPoint
app.freerouting.geometry.planar.Polyline	result_line	resultLine
app.freerouting.geometry.planar.Polyline	nearest_line	nearestLine
app.freerouting.geometry.planar.Polyline	direction_towards_line	directionTowardsLine
app.freerouting.geometry.planar.Polyline	curr_result_line	currResultLine
app.freerouting.geometry.planar.Polyline	prev_corner	prevCorner
app.freerouting.geometry.planar.Polyline	next_corner	nextCorner
app.freerouting.geometry.planar.Polyline	prev_corner_side	prevCornerSide
app.freerouting.geometry.planar.Polyline	next_corner_side	nextCornerSide
app.freerouting.geometry.planar.Polyline	start_line	startLine
app.freerouting.geometry.planar.Polyline	last_corner	lastCorner
app.freerouting.geometry.planar.Polyline	prev_last_corner	prevLastCorner
app.freerouting.geometry.planar.Polyline	new_last_corner	newLastCorner
app.freerouting.geometry.planar.Polyline	first_line_point	firstLinePoint
app.freerouting.geometry.planar.Polyline	new_prev_last_line	newPrevLastLine
app.freerouting.geometry.planar.PolylineArea	border_shape	borderShape
app.freerouting.geometry.planar.PolylineArea	hole_arr	holeArr
app.freerouting.geometry.planar.PolylineArea	precalculated_convex_pieces	precalculatedConvexPieces
app.freerouting.geometry.planar.PolylineArea	result_pieces	resultPieces
app.freerouting.geometry.planar.PolylineArea	curr_piece	currPiece
app.freerouting.geometry.planar.PolylineArea	min_dist	minDist
app.freerouting.geometry.planar.PolylineArea	convex_shapes	convexShapes
app.freerouting.geometry.planar.PolylineArea	curr_nearest_point	currNearestPoint
app.freerouting.geometry.planar.PolylineArea	curr_dist	currDist
app.freerouting.geometry.planar.PolylineArea	translated_border	translatedBorder
app.freerouting.geometry.planar.PolylineArea	translated_holes	translatedHoles
app.freerouting.geometry.planar.PolylineArea	corner_count	cornerCount
app.freerouting.geometry.planar.PolylineArea	curr_corner_arr	currCornerArr
app.freerouting.geometry.planar.PolylineArea	dest_pos	destPos
app.freerouting.geometry.planar.PolylineArea	convex_border_pieces	convexBorderPieces
app.freerouting.geometry.planar.PolylineArea	curr_piece_list	currPieceList
app.freerouting.geometry.planar.PolylineArea	convex_hole_pieces	convexHolePieces
app.freerouting.geometry.planar.PolylineArea	curr_hole_piece	currHolePiece
app.freerouting.geometry.planar.PolylineArea	new_piece_list	newPieceList
app.freerouting.geometry.planar.PolylineArea	new_border	newBorder
app.freerouting.geometry.planar.PolylineArea	new_hole_arr	newHoleArr
app.freerouting.geometry.planar.with	corner_count	cornerCount
app.freerouting.geometry.planar.with	result_list	resultList
app.freerouting.geometry.planar.with	prev_corner	prevCorner
app.freerouting.geometry.planar.with	curr_corner	currCorner
app.freerouting.geometry.planar.with	curr_point	currPoint
app.freerouting.geometry.planar.with	left_most_corner	leftMostCorner
app.freerouting.geometry.planar.with	right_most_corner	rightMostCorner
app.freerouting.geometry.planar.with	side_of_first_corner	sideOfFirstCorner
app.freerouting.geometry.planar.RationalPoint	proj_x	projX
app.freerouting.geometry.planar.RationalPoint	proj_y	projY
app.freerouting.geometry.planar.RationalVector	new_x	newX
app.freerouting.geometry.planar.RationalVector	new_y	newY
app.freerouting.geometry.planar.RationalVector	tmp_1	tmp1
app.freerouting.geometry.planar.RationalVector	tmp_2	tmp2
app.freerouting.geometry.planar.Simplex	precalculated_corners	precalculatedCorners
app.freerouting.geometry.planar.Simplex	precalculated_float_corners	precalculatedFloatCorners
app.freerouting.geometry.planar.Simplex	precalculated_bounding_box	precalculatedBoundingBox
app.freerouting.geometry.planar.Simplex	precalculated_bounding_octagon	precalculatedBoundingOctagon
app.freerouting.geometry.planar.Simplex	curr_arr	currArr
app.freerouting.geometry.planar.Simplex	curr_simplex	currSimplex
app.freerouting.geometry.planar.Simplex	prev_no	prevNo
app.freerouting.geometry.planar.Simplex	prev_dir	prevDir
app.freerouting.geometry.planar.Simplex	curr_dir	currDir
app.freerouting.geometry.planar.Simplex	side_of_line0	sideOfLine0
app.freerouting.geometry.planar.Simplex	collinear_0_2	collinear02
app.freerouting.geometry.planar.Simplex	collinear_1_3	collinear13
app.freerouting.geometry.planar.Simplex	max_distance	maxDistance
app.freerouting.geometry.planar.Simplex	max_distance_2	maxDistance2
app.freerouting.geometry.planar.Simplex	gravity_point	gravityPoint
app.freerouting.geometry.planar.Simplex	curr_distance	currDistance
app.freerouting.geometry.planar.Simplex	min_distance	minDistance
app.freerouting.geometry.planar.Simplex	min_distance_2	minDistance2
app.freerouting.geometry.planar.Simplex	curr_line	currLine
app.freerouting.geometry.planar.Simplex	new_arr	newArr
app.freerouting.geometry.planar.Simplex	lower_left	lowerLeft
app.freerouting.geometry.planar.Simplex	upper_right	upperRight
app.freerouting.geometry.planar.Simplex	offset_simplex	offsetSimplex
app.freerouting.geometry.planar.Simplex	bounding_oct	boundingOct
app.freerouting.geometry.planar.Simplex	offset_oct	offsetOct
app.freerouting.geometry.planar.Simplex	right_most_corner	rightMostCorner
app.freerouting.geometry.planar.Simplex	curr_corner	currCorner
app.freerouting.geometry.planar.Simplex	inner_simplex	innerSimplex
app.freerouting.geometry.planar.Simplex	inner_corner_count	innerCornerCount
app.freerouting.geometry.planar.Simplex	division_line_arr	divisionLineArr
app.freerouting.geometry.planar.Simplex	check_cross_first_line	checkCrossFirstLine
app.freerouting.geometry.planar.Simplex	prev_division_line	prevDivisionLine
app.freerouting.geometry.planar.Simplex	first_division_line	firstDivisionLine
app.freerouting.geometry.planar.Simplex	first_direction	firstDirection
app.freerouting.geometry.planar.Simplex	result_list	resultList
app.freerouting.geometry.planar.Simplex	next_division_line	nextDivisionLine
app.freerouting.geometry.planar.Simplex	curr_division_lines	currDivisionLines
app.freerouting.geometry.planar.Simplex	merge_prev_division_line	mergePrevDivisionLine
app.freerouting.geometry.planar.Simplex	merge_first_division_line	mergeFirstDivisionLine
app.freerouting.geometry.planar.Simplex	curr_dir2	currDir2
app.freerouting.geometry.planar.Simplex	piece_line_count	pieceLineCount
app.freerouting.geometry.planar.Simplex	piece_lines	pieceLines
app.freerouting.geometry.planar.Simplex	curr_line_no	currLineNo
app.freerouting.geometry.planar.Simplex	curr_piece	currPiece
app.freerouting.geometry.planar.Simplex	merge_next_division_line	mergeNextDivisionLine
app.freerouting.geometry.planar.Simplex	last_curr_division_line	lastCurrDivisionLine
app.freerouting.geometry.planar.Simplex	last_curr_dir	lastCurrDir
app.freerouting.geometry.planar.Simplex	merge_last_curr_division_line	mergeLastCurrDivisionLine
app.freerouting.geometry.planar.Simplex	next_dir	nextDir
app.freerouting.geometry.planar.Simplex	line_arr	lineArr
app.freerouting.geometry.planar.Simplex	new_length	newLength
app.freerouting.geometry.planar.Simplex	intersection_sides	intersectionSides
app.freerouting.geometry.planar.Simplex	try_again	tryAgain
app.freerouting.geometry.planar.Simplex	index_of_last_removed_line	indexOfLastRemovedLine
app.freerouting.geometry.planar.Simplex	prev_ind	prevInd
app.freerouting.geometry.planar.Simplex	next_ind	nextInd
app.freerouting.geometry.planar.Simplex	prev_line	prevLine
app.freerouting.geometry.planar.Simplex	next_line	nextLine
app.freerouting.geometry.planar.Simplex	remove_line	removeLine
app.freerouting.geometry.planar.Simplex	curr_inner_line	currInnerLine
app.freerouting.geometry.planar.Simplex	prev_inner_line	prevInnerLine
app.freerouting.geometry.planar.Simplex	inner_corner	innerCorner
app.freerouting.geometry.planar.Simplex	c_tolerance	cTolerance
app.freerouting.geometry.planar.Simplex	is_exact	isExact
app.freerouting.geometry.planar.Simplex	first_projection_dir	firstProjectionDir
app.freerouting.geometry.planar.Simplex	second_projection_dir	secondProjectionDir
app.freerouting.geometry.planar.Simplex	prev_inner_dir	prevInnerDir
app.freerouting.geometry.planar.Simplex	next_inner_dir	nextInnerDir
app.freerouting.geometry.planar.Simplex	outer_line_no	outerLineNo
app.freerouting.geometry.planar.Simplex	outer_line	outerLine
app.freerouting.geometry.planar.Simplex	curr_projection_dir	currProjectionDir
app.freerouting.geometry.planar.Simplex	projection_visible	projectionVisible
app.freerouting.geometry.planar.Simplex	second_division_necessary	secondDivisionNecessary
app.freerouting.geometry.planar.Simplex	curr_second_projection_dir	currSecondProjectionDir
app.freerouting.geometry.planar.Simplex	second_projection_visible	secondProjectionVisible
app.freerouting.geometry.planar.Simplex	tmp_outer_line_no	tmpOuterLineNo
app.freerouting.geometry.planar.defining	line_arr	lineArr
app.freerouting.geometry.planar.defining	corner_count	cornerCount
app.freerouting.geometry.planar.defining	prev_corner	prevCorner
app.freerouting.geometry.planar.defining	curr_corner	currCorner
app.freerouting.geometry.planar.defining	next_corner	nextCorner
app.freerouting.geometry.planar.defining	line_count	lineCount
app.freerouting.geometry.planar.defining	curr_side	currSide
app.freerouting.geometry.planar.defining	containing_line_no	containingLineNo
app.freerouting.geometry.planar.defining	side_of	sideOf
app.freerouting.geometry.planar.defining	nearest_point	nearestPoint
app.freerouting.geometry.planar.defining	from_point_f	fromPointF
app.freerouting.geometry.planar.defining	min_dist	minDist
app.freerouting.geometry.planar.defining	min_dist_ind	minDistInd
app.freerouting.geometry.planar.defining	curr_corner_f	currCornerF
app.freerouting.geometry.planar.defining	curr_dist	currDist
app.freerouting.geometry.planar.defining	prev_ind	prevInd
app.freerouting.geometry.planar.defining	curr_ind	currInd
app.freerouting.geometry.planar.defining	projection_f	projectionF
app.freerouting.geometry.planar.defining	nearest_points	nearestPoints
app.freerouting.geometry.planar.defining	result_count	resultCount
app.freerouting.geometry.planar.defining	min_dists	minDists
app.freerouting.geometry.planar.defining	first_corner	firstCorner
app.freerouting.geometry.planar.defining	last_corner	lastCorner
app.freerouting.geometry.planar.defining	translate_coors	translateCoors
app.freerouting.geometry.planar.defining	other_line_count	otherLineCount
app.freerouting.geometry.planar.defining	curr_max_dist	currMaxDist
app.freerouting.geometry.planar.defining	curr_translate_coor	currTranslateCoor
app.freerouting.geometry.planar.defining	centre_box	centreBox
app.freerouting.geometry.planar.defining	max_distance	maxDistance
app.freerouting.geometry.planar.defining	max_distance_2	maxDistance2
app.freerouting.geometry.planar.defining	gravity_point	gravityPoint
app.freerouting.geometry.planar.defining	curr_distance	currDistance
app.freerouting.geometry.planar.defining	side_no_2	sideNo2
app.freerouting.geometry.planar.defining	curr_dir	currDir
app.freerouting.geometry.planar.defining	side_no_1	sideNo1
app.freerouting.geometry.planar.defining	max_ind	maxInd
app.freerouting.geometry.planar.defining	line_side	lineSide
app.freerouting.geometry.planar.defining	on_the_left	onTheLeft
app.freerouting.geometry.planar.defining	on_the_right	onTheRight
app.freerouting.geometry.planar.defining	new_lines	newLines
app.freerouting.geometry.planar.defining	new_corners	newCorners
app.freerouting.geometry.planar.defining	corner_polygon	cornerPolygon
app.freerouting.geometry.planar.defining	polygon_corners	polygonCorners
app.freerouting.geometry.planar.defining	curr_polyline	currPolyline
app.freerouting.geometry.planar.defining	curr_segment	currSegment
app.freerouting.geometry.planar.defining	from_point	fromPoint
app.freerouting.geometry.planar.defining	intersection_line	intersectionLine
app.freerouting.geometry.planar.defining	second_line_point	secondLinePoint
app.freerouting.geometry.planar.defining	min_distance	minDistance
app.freerouting.geometry.planar.defining	curr_border_line	currBorderLine
app.freerouting.geometry.planar.defining	curr_intersection	currIntersection
app.freerouting.geometry.planar.defining	direction_ok	directionOk
app.freerouting.geometry.planar.defining	intersection_count	intersectionCount
app.freerouting.geometry.planar.defining	prev_intersection_line_no	prevIntersectionLineNo
app.freerouting.geometry.planar.defining	prev_intersection_edge_no	prevIntersectionEdgeNo
app.freerouting.geometry.planar.defining	curr_line_seg	currLineSeg
app.freerouting.geometry.planar.defining	curr_intersections	currIntersections
app.freerouting.geometry.planar.defining	edge_no	edgeNo
app.freerouting.geometry.planar.defining	intersection_no	intersectionNo
app.freerouting.geometry.planar.defining	first_corner_is_inside	firstCornerIsInside
app.freerouting.geometry.planar.defining	curr_intersection_no	currIntersectionNo
app.freerouting.geometry.planar.defining	curr_intersection_tuple	currIntersectionTuple
app.freerouting.geometry.planar.defining	first_intersection	firstIntersection
app.freerouting.geometry.planar.defining	curr_polyline_intersection_no	currPolylineIntersectionNo
app.freerouting.geometry.planar.defining	curr_lines	currLines
app.freerouting.geometry.planar.defining	curr_piece	currPiece
app.freerouting.geometry.planar.defining	next_intersection_tuple	nextIntersectionTuple
app.freerouting.geometry.planar.defining	curr_intersection_no_of_polyline	currIntersectionNoOfPolyline
app.freerouting.geometry.planar.defining	next_intersection_no_of_polyline	nextIntersectionNoOfPolyline
app.freerouting.geometry.planar.defining	insert_piece	insertPiece
app.freerouting.geometry.planar.defining	section_boxes	sectionBoxes
app.freerouting.geometry.planar.defining	section_list	sectionList
app.freerouting.geometry.planar.defining	curr_section	currSection
app.freerouting.geometry.planar.defining	float_start_point	floatStartPoint
app.freerouting.geometry.planar.defining	float_end_point	floatEndPoint
app.freerouting.geometry.planar.defining	border_line_side_of_start_point_arr	borderLineSideOfStartPointArr
app.freerouting.geometry.planar.defining	border_line_side_of_end_point_arr	borderLineSideOfEndPointArr
app.freerouting.geometry.planar.defining	border_line_side_of_start_point	borderLineSideOfStartPoint
app.freerouting.geometry.planar.defining	border_line_side_of_end_point	borderLineSideOfEndPoint
app.freerouting.geometry.planar.defining	start_point_is_inside	startPointIsInside
app.freerouting.geometry.planar.defining	end_point_is_inside	endPointIsInside
app.freerouting.geometry.planar.defining	segment_line	segmentLine
app.freerouting.geometry.planar.defining	prev_corner_side	prevCornerSide
app.freerouting.geometry.planar.defining	next_corner_index	nextCornerIndex
app.freerouting.geometry.planar.defining	next_corner_side	nextCornerSide
app.freerouting.gui.BoardFrame	scroll_pane	scrollPane
app.freerouting.gui.BoardFrame	screen_messages	screenMessages
app.freerouting.gui.BoardFrame	toolbar_panel	toolbarPanel
app.freerouting.gui.BoardFrame	inspect_toolbar	inspectToolbar
app.freerouting.gui.BoardFrame	message_panel	messagePanel
app.freerouting.gui.BoardFrame	board_observers	boardObservers
app.freerouting.gui.BoardFrame	freerouting_version	freeroutingVersion
app.freerouting.gui.BoardFrame	board_panel	boardPanel
app.freerouting.gui.BoardFrame	about_window	aboutWindow
app.freerouting.gui.BoardFrame	route_parameter_window	routeParameterWindow
app.freerouting.gui.BoardFrame	autoroute_parameter_window	autorouteParameterWindow
app.freerouting.gui.BoardFrame	select_parameter_window	selectParameterWindow
app.freerouting.gui.BoardFrame	move_parameter_window	moveParameterWindow
app.freerouting.gui.BoardFrame	clearance_matrix_window	clearanceMatrixWindow
app.freerouting.gui.BoardFrame	via_window	viaWindow
app.freerouting.gui.BoardFrame	edit_vias_window	editViasWindow
app.freerouting.gui.BoardFrame	edit_net_rules_window	editNetRulesWindow
app.freerouting.gui.BoardFrame	assign_net_classes_window	assignNetClassesWindow
app.freerouting.gui.BoardFrame	padstacks_window	padstacksWindow
app.freerouting.gui.BoardFrame	packages_window	packagesWindow
app.freerouting.gui.BoardFrame	incompletes_window	incompletesWindow
app.freerouting.gui.BoardFrame	net_info_window	netInfoWindow
app.freerouting.gui.BoardFrame	clearance_violations_window	clearanceViolationsWindow
app.freerouting.gui.BoardFrame	length_violations_window	lengthViolationsWindow
app.freerouting.gui.BoardFrame	unconnected_route_window	unconnectedRouteWindow
app.freerouting.gui.BoardFrame	route_stubs_window	routeStubsWindow
app.freerouting.gui.BoardFrame	components_window	componentsWindow
app.freerouting.gui.BoardFrame	visibility_window	visibilityWindow
app.freerouting.gui.BoardFrame	display_misc_window	displayMiscWindow
app.freerouting.gui.BoardFrame	color_manager	colorManager
app.freerouting.gui.BoardFrame	permanent_subwindows	permanentSubwindows
app.freerouting.gui.BoardFrame	temporary_subwindows	temporarySubwindows
app.freerouting.gui.BoardFrame	log_entry_added_listener	logEntryAddedListener
app.freerouting.gui.BoardFrame	input_stream	inputStream
app.freerouting.gui.BoardFrame	defaults_file_found	defaultsFileFound
app.freerouting.gui.BoardFrame	defaults_file	defaultsFile
app.freerouting.gui.BoardFrame	read_ok	readOk
app.freerouting.gui.BoardFrame	viewport_position	viewportPosition
app.freerouting.gui.BoardFrame	read_result	readResult
app.freerouting.gui.BoardFrame	object_stream	objectStream
app.freerouting.gui.BoardFrame	frame_location	frameLocation
app.freerouting.gui.BoardFrame	frame_bounds	frameBounds
app.freerouting.gui.BoardFrame	panel_size	panelSize
app.freerouting.gui.BoardFrame	save_ok	saveOk
app.freerouting.gui.BoardFrame	curr_parent	currParent
app.freerouting.gui.BoardFrame	display_rect	displayRect
app.freerouting.gui.BoardFrame	design_bounds	designBounds
app.freerouting.gui.BoardFrame	width_factor	widthFactor
app.freerouting.gui.BoardFrame	height_factor	heightFactor
app.freerouting.gui.BoardFrame	zoom_factor	zoomFactor
app.freerouting.gui.BoardFrame	zoom_center	zoomCenter
app.freerouting.gui.BoardFrame	new_vieport_center	newVieportCenter
app.freerouting.gui.BoardMenuBar	other_menu	otherMenu
app.freerouting.gui.BoardMenuBar	help_menu	helpMenu
app.freerouting.gui.BoardMenuDisplay	board_frame	boardFrame
app.freerouting.gui.BoardMenuDisplay	display_menu	displayMenu
app.freerouting.gui.BoardMenuDisplay	display_visibility_menuitem	displayVisibilityMenuitem
app.freerouting.gui.BoardMenuDisplay	display_colors_menuitem	displayColorsMenuitem
app.freerouting.gui.BoardMenuDisplay	display_miscellaneous_menuitem	displayMiscellaneousMenuitem
app.freerouting.gui.BoardMenuFile	file_save_as_menuitem	fileSaveAsMenuitem
app.freerouting.gui.BoardMenuFile	file_open_menuitem	fileOpenMenuitem
app.freerouting.gui.BoardMenuFile	selected_file	selectedFile
app.freerouting.gui.BoardMenuFile	file_exit_menuitem	fileExitMenuitem
app.freerouting.gui.BoardMenuHelp	board_frame	boardFrame
app.freerouting.gui.BoardMenuHelp	help_about_menuitem	helpAboutMenuitem
app.freerouting.gui.BoardMenuInfo	board_frame	boardFrame
app.freerouting.gui.BoardMenuInfo	info_menu	infoMenu
app.freerouting.gui.BoardMenuInfo	info_packages_menuitem	infoPackagesMenuitem
app.freerouting.gui.BoardMenuInfo	info_padstacks_menuitem	infoPadstacksMenuitem
app.freerouting.gui.BoardMenuInfo	info_components_menuitem	infoComponentsMenuitem
app.freerouting.gui.BoardMenuInfo	info_incompletes_menuitem	infoIncompletesMenuitem
app.freerouting.gui.BoardMenuInfo	info_length_violations_menuitem	infoLengthViolationsMenuitem
app.freerouting.gui.BoardMenuInfo	info_clearance_violations_menuitem	infoClearanceViolationsMenuitem
app.freerouting.gui.BoardMenuInfo	info_unconnected_routes_menuitem	infoUnconnectedRoutesMenuitem
app.freerouting.gui.BoardMenuInfo	info_route_stubs_menuitem	infoRouteStubsMenuitem
app.freerouting.gui.BoardMenuOther	board_frame	boardFrame
app.freerouting.gui.BoardMenuOther	other_menu	otherMenu
app.freerouting.gui.BoardMenuOther	other_delete_all_tracks_menuitem	otherDeleteAllTracksMenuitem
app.freerouting.gui.BoardMenuParameter	board_frame	boardFrame
app.freerouting.gui.BoardMenuParameter	parameter_menu	parameterMenu
app.freerouting.gui.BoardMenuParameter	settings_selection_menuitem	settingsSelectionMenuitem
app.freerouting.gui.BoardMenuParameter	settings_routing_menuitem	settingsRoutingMenuitem
app.freerouting.gui.BoardMenuParameter	settings_autorouter_menuitem	settingsAutorouterMenuitem
app.freerouting.gui.BoardMenuParameter	settings_controls_menuitem	settingsControlsMenuitem
app.freerouting.gui.BoardMenuRules	board_frame	boardFrame
app.freerouting.gui.BoardMenuRules	rules_menu	rulesMenu
app.freerouting.gui.BoardMenuRules	rules_clearance_menuitem	rulesClearanceMenuitem
app.freerouting.gui.BoardMenuRules	rules_vias_menuitem	rulesViasMenuitem
app.freerouting.gui.BoardMenuRules	rules_nets_menuitem	rulesNetsMenuitem
app.freerouting.gui.BoardMenuRules	rules_net_class_menuitem	rulesNetClassMenuitem
app.freerouting.gui.BoardPanel	screen_messages	screenMessages
app.freerouting.gui.BoardPanel	board_frame	boardFrame
app.freerouting.gui.BoardPanel	scroll_pane	scrollPane
app.freerouting.gui.BoardPanel	popup_menu_insert_cancel	popupMenuInsertCancel
app.freerouting.gui.BoardPanel	popup_menu_copy	popupMenuCopy
app.freerouting.gui.BoardPanel	popup_menu_move	popupMenuMove
app.freerouting.gui.BoardPanel	popup_menu_corneritem_construction	popupMenuCorneritemConstruction
app.freerouting.gui.BoardPanel	popup_menu_main	popupMenuMain
app.freerouting.gui.BoardPanel	popup_menu_dynamic_route	popupMenuDynamicRoute
app.freerouting.gui.BoardPanel	popup_menu_stitch_route	popupMenuStitchRoute
app.freerouting.gui.BoardPanel	popup_menu_select	popupMenuSelect
app.freerouting.gui.BoardPanel	drop_target_listener	dropTargetListener
app.freerouting.gui.BoardPanel	board_handling	boardHandling
app.freerouting.gui.BoardPanel	right_button_click_location	rightButtonClickLocation
app.freerouting.gui.BoardPanel	middle_drag_position	middleDragPosition
app.freerouting.gui.BoardPanel	custom_cursor	customCursor
app.freerouting.gui.BoardPanel	zoom_factor	zoomFactor
app.freerouting.gui.BoardPanel	curr_menu	currMenu
app.freerouting.gui.BoardPanel	curr_x	currX
app.freerouting.gui.BoardPanel	curr_y	currY
app.freerouting.gui.BoardPanel	width_of_zoom_frame	widthOfZoomFrame
app.freerouting.gui.BoardPanel	height_of_zoom_frame	heightOfZoomFrame
app.freerouting.gui.BoardPanel	center_x	centerX
app.freerouting.gui.BoardPanel	center_y	centerY
app.freerouting.gui.BoardPanel	center_point	centerPoint
app.freerouting.gui.BoardPanel	display_rect	displayRect
app.freerouting.gui.BoardPanel	width_factor	widthFactor
app.freerouting.gui.BoardPanel	height_factor	heightFactor
app.freerouting.gui.BoardPanel	changed_location	changedLocation
app.freerouting.gui.BoardPanel	new_center	newCenter
app.freerouting.gui.BoardPanel	new_mouse_location	newMouseLocation
app.freerouting.gui.BoardPanel	max_panel_size	maxPanelSize
app.freerouting.gui.BoardPanel	old_size	oldSize
app.freerouting.gui.BoardPanel	old_center	oldCenter
app.freerouting.gui.BoardPanel	new_width	newWidth
app.freerouting.gui.BoardPanel	new_height	newHeight
app.freerouting.gui.BoardPanel	new_size	newSize
app.freerouting.gui.BoardPanel	new_cursor	newCursor
app.freerouting.gui.BoardPanel	adjustment_vector	adjustmentVector
app.freerouting.gui.BoardPanel	adjusted_new_cursor	adjustedNewCursor
app.freerouting.gui.BoardPanel	x_corner	xCorner
app.freerouting.gui.BoardPanel	y_corner	yCorner
app.freerouting.gui.BoardPanel	panel_size	panelSize
app.freerouting.gui.BoardPanel	adjusted_x_corner	adjustedXCorner
app.freerouting.gui.BoardPanel	adjusted_y_corner	adjustedYCorner
app.freerouting.gui.BoardPanel	new_position	newPosition
app.freerouting.gui.BoardPanel	border_dist	borderDist
app.freerouting.gui.BoardPanel	delta_x	deltaX
app.freerouting.gui.BoardPanel	delta_y	deltaY
app.freerouting.gui.BoardPanel	view_position	viewPosition
app.freerouting.gui.BoardPanel	absolute_panel_location	absolutePanelLocation
app.freerouting.gui.BoardPanelDropTargetListener	board_panel	boardPanel
app.freerouting.gui.BoardPanelDropTargetListener	is_drag_active	isDragActive
app.freerouting.gui.BoardPanelDropTargetListener	is_ghosting_active	isGhostingActive
app.freerouting.gui.BoardPanelDropTargetListener	file_loaded	fileLoaded
app.freerouting.gui.BoardSavableSubWindow	saved_attributes	savedAttributes
app.freerouting.gui.BoardSavableSubWindow	is_visible	isVisible
app.freerouting.gui.BoardSubWindow	visible_before_iconifying	visibleBeforeIconifying
app.freerouting.gui.for	board_frame	boardFrame
app.freerouting.gui.BoardToolbar	ICON_FONT_SIZE	iconFONTSIZE
app.freerouting.gui.BoardToolbar	settings_button	settingsButton
app.freerouting.gui.BoardToolbar	toolbar_autoroute_button	toolbarAutorouteButton
app.freerouting.gui.BoardToolbar	cancel_button	cancelButton
app.freerouting.gui.BoardToolbar	toolbar_undo_button	toolbarUndoButton
app.freerouting.gui.BoardToolbar	toolbar_redo_button	toolbarRedoButton
app.freerouting.gui.BoardToolbar	toolbar_incompletes_button	toolbarIncompletesButton
app.freerouting.gui.BoardToolbar	toolbar_violation_button	toolbarViolationButton
app.freerouting.gui.BoardToolbar	toolbar_display_region_button	toolbarDisplayRegionButton
app.freerouting.gui.BoardToolbar	toolbar_display_all_button	toolbarDisplayAllButton
app.freerouting.gui.BoardToolbar	delete_all_tracks_button	deleteAllTracksButton
app.freerouting.gui.BoardToolbar	board_frame	boardFrame
app.freerouting.gui.BoardToolbar	vars_play_button	varsPlayButton
app.freerouting.gui.BoardToolbar	vars_pause_button	varsPauseButton
app.freerouting.gui.BoardToolbar	vars_next_button	varsNextButton
app.freerouting.gui.BoardToolbar	vars_previous_button	varsPreviousButton
app.freerouting.gui.BoardToolbar	left_toolbar	leftToolbar
app.freerouting.gui.BoardToolbar	middle_toolbar	middleToolbar
app.freerouting.gui.BoardToolbar	separator_2	separator2
app.freerouting.gui.BoardToolbar	separator_1	separator1
app.freerouting.gui.BoardToolbar	separator_3	separator3
app.freerouting.gui.BoardToolbar	right_toolbar	rightToolbar
app.freerouting.gui.BoardToolbarInspectedItem	board_frame	boardFrame
app.freerouting.gui.BoardToolbarInspectedItem	toolbar_cancel_button	toolbarCancelButton
app.freerouting.gui.BoardToolbarInspectedItem	toolbar_info_button	toolbarInfoButton
app.freerouting.gui.BoardToolbarInspectedItem	toolbar_whole_nets_button	toolbarWholeNetsButton
app.freerouting.gui.BoardToolbarInspectedItem	toolbar_whole_connected_sets_button	toolbarWholeConnectedSetsButton
app.freerouting.gui.BoardToolbarInspectedItem	toolbar_whole_connections_button	toolbarWholeConnectionsButton
app.freerouting.gui.BoardToolbarInspectedItem	toolbar_whole_groups_button	toolbarWholeGroupsButton
app.freerouting.gui.BoardToolbarInspectedItem	toolbar_violation_button	toolbarViolationButton
app.freerouting.gui.BoardToolbarInspectedItem	toolbar_display_selection_button	toolbarDisplaySelectionButton
app.freerouting.gui.BoardToolbarInspectedItem	toolbar_display_all_button	toolbarDisplayAllButton
app.freerouting.gui.BoardToolbarInspectedItem	toolbar_display_region_button	toolbarDisplayRegionButton
app.freerouting.gui.ColorManager	layers_color_table	layersColorTable
app.freerouting.gui.ColorManager	general_color_table	generalColorTable
app.freerouting.gui.ColorManager	graphics_context	graphicsContext
app.freerouting.gui.ColorManager	textfield_height	textfieldHeight
app.freerouting.gui.ColorManager	table_width	tableWidth
app.freerouting.gui.ColorManager	item_color_table_height	itemColorTableHeight
app.freerouting.gui.ColorManager	item_scroll_pane	itemScrollPane
app.freerouting.gui.ColorManager	other_scroll_pane	otherScrollPane
app.freerouting.gui.ColorManager	scroll_pane	scrollPane
app.freerouting.gui.ColorManager	color_editor_button	colorEditorButton
app.freerouting.gui.of	class_arr	classArr
app.freerouting.gui.of	old_index	oldIndex
app.freerouting.gui.ComboBoxLayer	layer_arr	layerArr
app.freerouting.gui.ComboBoxLayer	signal_layer_count	signalLayerCount
app.freerouting.gui.ComboBoxLayer	item_count	itemCount
app.freerouting.gui.ComboBoxLayer	add_inner_layer_item	addInnerLayerItem
app.freerouting.gui.ComboBoxLayer	curr_layer_no	currLayerNo
app.freerouting.gui.ComboBoxLayer	curr_signal_layer	currSignalLayer
app.freerouting.gui.Cursor	x_coor	xCoor
app.freerouting.gui.Cursor	y_coor	yCoor
app.freerouting.gui.Cursor	location_initialized	locationInitialized
app.freerouting.gui.Cursor	draw_path	drawPath
app.freerouting.gui.GUIDefaultsFile	board_frame	boardFrame
app.freerouting.gui.GUIDefaultsFile	board_handling	boardHandling
app.freerouting.gui.GUIDefaultsFile	out_file	outFile
app.freerouting.gui.GUIDefaultsFile	output_file	outputFile
app.freerouting.gui.GUIDefaultsFile	new_instance	newInstance
app.freerouting.gui.GUIDefaultsFile	open_bracked_count	openBrackedCount
app.freerouting.gui.GUIDefaultsFile	curr_token	currToken
app.freerouting.gui.GUIDefaultsFile	next_token	nextToken
app.freerouting.gui.GUIDefaultsFile	prev_token	prevToken
app.freerouting.gui.GUIDefaultsFile	is_visible	isVisible
app.freerouting.gui.GUIDefaultsFile	curr_frame	currFrame
app.freerouting.gui.GUIDefaultsFile	OBJECT_VISIBILITY	objectVISIBILITY
app.freerouting.gui.GUIDefaultsFile	curr_colors	currColors
app.freerouting.gui.GUIDefaultsFile	curr_color	currColor
app.freerouting.gui.GUIDefaultsFile	rgb_color_arr	rgbColorArr
app.freerouting.gui.GUIDefaultsFile	color_list	colorList
app.freerouting.gui.GUIDefaultsFile	graphics_context	graphicsContext
app.freerouting.gui.GUIDefaultsFile	select_on_all_layers	selectOnAllLayers
app.freerouting.gui.GUIDefaultsFile	shove_enabled	shoveEnabled
app.freerouting.gui.GUIDefaultsFile	drag_components_enabled	dragComponentsEnabled
app.freerouting.gui.GUIDefaultsFile	ignore_conduction	ignoreConduction
app.freerouting.gui.GUIDefaultsFile	is_stitch_mode	isStitchMode
app.freerouting.gui.GUIDefaultsFile	pull_tight_region	pullTightRegion
app.freerouting.gui.GUIDefaultsFile	pull_tight_accuracy	pullTightAccuracy
app.freerouting.gui.GUIDefaultsFile	layer_dimming	layerDimming
app.freerouting.gui.GUIDefaultsFile	hilight_obstacle	hilightObstacle
app.freerouting.gui.GUIDefaultsFile	clearance_compensation	clearanceCompensation
app.freerouting.gui.GUIDefaultsFile	item_selection_filter	itemSelectionFilter
app.freerouting.gui.GUIDefaultsFile	selectable_choices	selectableChoices
app.freerouting.gui.GuiManager	welcome_window	welcomeWindow
app.freerouting.gui.GuiManager	new_frame	newFrame
app.freerouting.gui.GuiManager	filename_only	filenameOnly
app.freerouting.gui.GuiManager	design_name	designName
app.freerouting.gui.GuiManager	session_output_stream	sessionOutputStream
app.freerouting.gui.GuiManager	input_stream	inputStream
app.freerouting.gui.GuiManager	START_NOW_TEXT	startNOWTEXT
app.freerouting.gui.GuiManager	CANCEL_TEXT	cancelTEXT
app.freerouting.gui.GuiManager	AUTOSTART_MSG	autostartMSG
app.freerouting.gui.GuiManager	auto_start_routing_dialog	autoStartRoutingDialog
app.freerouting.gui.GuiManager	AUTOSTART_TITLE	autostartTITLE
app.freerouting.gui.GuiManager	read_ok	readOk
app.freerouting.gui.GuiManager	rules_file_name	rulesFileName
app.freerouting.gui.GuiManager	parent_folder_name	parentFolderName
app.freerouting.gui.GuiManager	confirm_import_rules_message	confirmImportRulesMessage
app.freerouting.gui.GuiManager	rules_file	rulesFile
app.freerouting.gui.GuiManager	dsn_file_generated_by_host	dsnFileGeneratedByHost
app.freerouting.gui.PopupMenuChangeLayer	board_frame	boardFrame
app.freerouting.gui.PopupMenuChangeLayer	item_arr	itemArr
app.freerouting.gui.PopupMenuChangeLayer	layer_structure	layerStructure
app.freerouting.gui.PopupMenuChangeLayer	curr_signal_layer_no	currSignalLayerNo
app.freerouting.gui.PopupMenuChangeLayer	layer_no	layerNo
app.freerouting.gui.PopupMenuChangeLayer	board_panel	boardPanel
app.freerouting.gui.PopupMenuChangeLayer	layer_name	layerName
app.freerouting.gui.PopupMenuCopy	change_layer_menu	changeLayerMenu
app.freerouting.gui.PopupMenuCopy	layer_structure	layerStructure
app.freerouting.gui.PopupMenuCopy	popup_copy_insert_menuitem	popupCopyInsertMenuitem
app.freerouting.gui.PopupMenuCopy	popup_copy_done_menuitem	popupCopyDoneMenuitem
app.freerouting.gui.PopupMenuCopy	curr_layer	currLayer
app.freerouting.gui.PopupMenuCornerItemConstruction	board_panel	boardPanel
app.freerouting.gui.PopupMenuCornerItemConstruction	popup_add_corner_menuitem	popupAddCornerMenuitem
app.freerouting.gui.PopupMenuCornerItemConstruction	popup_close_menuitem	popupCloseMenuitem
app.freerouting.gui.PopupMenuCornerItemConstruction	popup_cancel_menuitem	popupCancelMenuitem
app.freerouting.gui.PopupMenuDisplay	board_panel	boardPanel
app.freerouting.gui.PopupMenuDisplay	popup_center_display_menuitem	popupCenterDisplayMenuitem
app.freerouting.gui.PopupMenuDisplay	zoom_menu	zoomMenu
app.freerouting.gui.PopupMenuDisplay	popup_zoom_in_menuitem	popupZoomInMenuitem
app.freerouting.gui.PopupMenuDisplay	popup_zoom_out_menuitem	popupZoomOutMenuitem
app.freerouting.gui.PopupMenuDynamicRoute	change_layer_menu	changeLayerMenu
app.freerouting.gui.PopupMenuDynamicRoute	layer_structure	layerStructure
app.freerouting.gui.PopupMenuDynamicRoute	popup_end_route_menuitem	popupEndRouteMenuitem
app.freerouting.gui.PopupMenuDynamicRoute	popup_cancel_menuitem	popupCancelMenuitem
app.freerouting.gui.PopupMenuDynamicRoute	curr_layer	currLayer
app.freerouting.gui.PopupMenuInsertCancel	board_panel	boardPanel
app.freerouting.gui.PopupMenuInsertCancel	popup_insert_menuitem	popupInsertMenuitem
app.freerouting.gui.PopupMenuInsertCancel	popup_cancel_menuitem	popupCancelMenuitem
app.freerouting.gui.PopupMenuMain	popup_select_item_menuitem	popupSelectItemMenuitem
app.freerouting.gui.PopupMenuMain	popup_start_route_menuitem	popupStartRouteMenuitem
app.freerouting.gui.PopupMenuMain	create_obstacle_menu	createObstacleMenu
app.freerouting.gui.PopupMenuMain	popup_create_tile_menuitem	popupCreateTileMenuitem
app.freerouting.gui.PopupMenuMain	popup_create_circle_menuitem	popupCreateCircleMenuitem
app.freerouting.gui.PopupMenuMain	popup_create_polygon_menuitem	popupCreatePolygonMenuitem
app.freerouting.gui.PopupMenuMain	popup_add_hole_menuitem	popupAddHoleMenuitem
app.freerouting.gui.PopupMenuMain	popup_swap_pin_menuitem	popupSwapPinMenuitem
app.freerouting.gui.PopupMenuMove	rotate_menu	rotateMenu
app.freerouting.gui.PopupMenuMove	popup_turn_90_menuitem	popupTurn90Menuitem
app.freerouting.gui.PopupMenuMove	popup_turn_180_menuitem	popupTurn180Menuitem
app.freerouting.gui.PopupMenuMove	popup_turn_270_menuitem	popupTurn270Menuitem
app.freerouting.gui.PopupMenuMove	popup_turn_45_menuitem	popupTurn45Menuitem
app.freerouting.gui.PopupMenuMove	popup_turn_135_menuitem	popupTurn135Menuitem
app.freerouting.gui.PopupMenuMove	popup_turn_225_menuitem	popupTurn225Menuitem
app.freerouting.gui.PopupMenuMove	popup_turn_315_menuitem	popupTurn315Menuitem
app.freerouting.gui.PopupMenuMove	popup_change_side_menuitem	popupChangeSideMenuitem
app.freerouting.gui.PopupMenuMove	popup_reset_rotation_menuitem	popupResetRotationMenuitem
app.freerouting.gui.PopupMenuMove	interactive_state	interactiveState
app.freerouting.gui.PopupMenuMove	popup_insert_menuitem	popupInsertMenuitem
app.freerouting.gui.PopupMenuMove	popup_cancel_menuitem	popupCancelMenuitem
app.freerouting.gui.PopupMenuStitchRoute	change_layer_menu	changeLayerMenu
app.freerouting.gui.PopupMenuStitchRoute	layer_structure	layerStructure
app.freerouting.gui.PopupMenuStitchRoute	popup_insert_menuitem	popupInsertMenuitem
app.freerouting.gui.PopupMenuStitchRoute	popup_done_menuitem	popupDoneMenuitem
app.freerouting.gui.PopupMenuStitchRoute	popup_cancel_menuitem	popupCancelMenuitem
app.freerouting.gui.PopupMenuStitchRoute	curr_layer	currLayer
app.freerouting.gui.WindowAbout	window_panel	windowPanel
app.freerouting.gui.WindowAbout	gridbag_constraints	gridbagConstraints
app.freerouting.gui.WindowAbout	version_string	versionString
app.freerouting.gui.WindowAssignNetClass	board_frame	boardFrame
app.freerouting.gui.WindowAssignNetClass	main_panel	mainPanel
app.freerouting.gui.WindowAssignNetClass	scroll_pane	scrollPane
app.freerouting.gui.WindowAssignNetClass	table_model	tableModel
app.freerouting.gui.WindowAssignNetClass	net_rule_combo_box	netRuleComboBox
app.freerouting.gui.WindowAssignNetClass	table_height	tableHeight
app.freerouting.gui.WindowAssignNetClass	table_width	tableWidth
app.freerouting.gui.WindowAssignNetClass	routing_board	routingBoard
app.freerouting.gui.WindowAssignNetClass	column_tool_tips	columnToolTips
app.freerouting.gui.WindowAssignNetClass	column_names	columnNames
app.freerouting.gui.WindowAssignNetClass	board_rules	boardRules
app.freerouting.gui.WindowAssignNetClass	sorted_arr	sortedArr
app.freerouting.gui.WindowAssignNetClass	first_row_object	firstRowObject
app.freerouting.gui.WindowAutorouteParameter	board_handling	boardHandling
app.freerouting.gui.WindowAutorouteParameter	layer_name_arr	layerNameArr
app.freerouting.gui.WindowAutorouteParameter	signal_layer_name_arr	signalLayerNameArr
app.freerouting.gui.WindowAutorouteParameter	settings_autorouter_layer_active_arr	settingsAutorouterLayerActiveArr
app.freerouting.gui.WindowAutorouteParameter	settings_autorouter_combo_box_arr	settingsAutorouterComboBoxArr
app.freerouting.gui.WindowAutorouteParameter	settings_autorouter_vias_allowed	settingsAutorouterViasAllowed
app.freerouting.gui.WindowAutorouteParameter	settings_autorouter_fanout_button	settingsAutorouterFanoutButton
app.freerouting.gui.WindowAutorouteParameter	settings_autorouter_autoroute_pass_button	settingsAutorouterAutoroutePassButton
app.freerouting.gui.WindowAutorouteParameter	settings_autorouter_optimization_button	settingsAutorouterOptimizationButton
app.freerouting.gui.WindowAutorouteParameter	via_cost_field	viaCostField
app.freerouting.gui.WindowAutorouteParameter	plane_via_cost_field	planeViaCostField
app.freerouting.gui.WindowAutorouteParameter	start_ripup_costs	startRipupCosts
app.freerouting.gui.WindowAutorouteParameter	max_passes_field	maxPassesField
app.freerouting.gui.WindowAutorouteParameter	job_timeout_panel	jobTimeoutPanel
app.freerouting.gui.WindowAutorouteParameter	job_timeout_hours_field	jobTimeoutHoursField
app.freerouting.gui.WindowAutorouteParameter	job_timeout_minutes_field	jobTimeoutMinutesField
app.freerouting.gui.WindowAutorouteParameter	job_timeout_seconds_field	jobTimeoutSecondsField
app.freerouting.gui.WindowAutorouteParameter	job_timeout_preview_label	jobTimeoutPreviewLabel
app.freerouting.gui.WindowAutorouteParameter	max_threads_field	maxThreadsField
app.freerouting.gui.WindowAutorouteParameter	preferred_direction_trace_cost_arr	preferredDirectionTraceCostArr
app.freerouting.gui.WindowAutorouteParameter	against_preferred_direction_trace_cost_arr	againstPreferredDirectionTraceCostArr
app.freerouting.gui.WindowAutorouteParameter	bend_cost_arr	bendCostArr
app.freerouting.gui.WindowAutorouteParameter	preferred_direction_trace_costs_input_completed	preferredDirectionTraceCostsInputCompleted
app.freerouting.gui.WindowAutorouteParameter	against_preferred_direction_trace_costs_input_completed	againstPreferredDirectionTraceCostsInputCompleted
app.freerouting.gui.WindowAutorouteParameter	bend_costs_input_completed	bendCostsInputCompleted
app.freerouting.gui.WindowAutorouteParameter	via_cost_input_completed	viaCostInputCompleted
app.freerouting.gui.WindowAutorouteParameter	plane_via_cost_input_completed	planeViaCostInputCompleted
app.freerouting.gui.WindowAutorouteParameter	start_ripup_cost_input_completed	startRipupCostInputCompleted
app.freerouting.gui.WindowAutorouteParameter	max_passes_input_completed	maxPassesInputCompleted
app.freerouting.gui.WindowAutorouteParameter	max_threads_input_completed	maxThreadsInputCompleted
app.freerouting.gui.WindowAutorouteParameter	main_panel	mainPanel
app.freerouting.gui.WindowAutorouteParameter	gridbag_constraints	gridbagConstraints
app.freerouting.gui.WindowAutorouteParameter	layer_label	layerLabel
app.freerouting.gui.WindowAutorouteParameter	active_label	activeLabel
app.freerouting.gui.WindowAutorouteParameter	preferred_direction_label	preferredDirectionLabel
app.freerouting.gui.WindowAutorouteParameter	layer_structure	layerStructure
app.freerouting.gui.WindowAutorouteParameter	layer_count	layerCount
app.freerouting.gui.WindowAutorouteParameter	curr_layer	currLayer
app.freerouting.gui.WindowAutorouteParameter	vias_allowed_label	viasAllowedLabel
app.freerouting.gui.WindowAutorouteParameter	stages_label	stagesLabel
app.freerouting.gui.WindowAutorouteParameter	via_cost_label	viaCostLabel
app.freerouting.gui.WindowAutorouteParameter	number_format	numberFormat
app.freerouting.gui.WindowAutorouteParameter	plane_via_cost_label	planeViaCostLabel
app.freerouting.gui.WindowAutorouteParameter	start_ripup_costs_label	startRipupCostsLabel
app.freerouting.gui.WindowAutorouteParameter	max_passes_label	maxPassesLabel
app.freerouting.gui.WindowAutorouteParameter	job_timeout_label	jobTimeoutLabel
app.freerouting.gui.WindowAutorouteParameter	timeout_number_format	timeoutNumberFormat
app.freerouting.gui.WindowAutorouteParameter	max_threads_label	maxThreadsLabel
app.freerouting.gui.WindowAutorouteParameter	algorithm_label	algorithmLabel
app.freerouting.gui.WindowAutorouteParameter	trace_costs_on_layer	traceCostsOnLayer
app.freerouting.gui.WindowAutorouteParameter	pref_dir_label	prefDirLabel
app.freerouting.gui.WindowAutorouteParameter	against_pref_dir_label	againstPrefDirLabel
app.freerouting.gui.WindowAutorouteParameter	bend_cost_header	bendCostHeader
app.freerouting.gui.WindowAutorouteParameter	signal_layer_count	signalLayerCount
app.freerouting.gui.WindowAutorouteParameter	TEXT_FIELD_LENGTH	textFIELDLENGTH
app.freerouting.gui.WindowAutorouteParameter	float_number_format	floatNumberFormat
app.freerouting.gui.WindowAutorouteParameter	curr_signal_layer	currSignalLayer
app.freerouting.gui.WindowAutorouteParameter	signal_layer_no	signalLayerNo
app.freerouting.gui.WindowAutorouteParameter	curr_layer_no	currLayerNo
app.freerouting.gui.WindowAutorouteParameter	autoroute_settings	autorouteSettings
app.freerouting.gui.WindowAutorouteParameter	old_value	oldValue
app.freerouting.gui.WindowAutorouteParameter	input_value	inputValue
app.freerouting.gui.WindowAutorouteParameter	max_available	maxAvailable
app.freerouting.gui.WindowClearanceMatrix	board_frame	boardFrame
app.freerouting.gui.WindowClearanceMatrix	main_panel	mainPanel
app.freerouting.gui.WindowClearanceMatrix	rules_clearance_layer_combo_box	rulesClearanceLayerComboBox
app.freerouting.gui.WindowClearanceMatrix	center_panel	centerPanel
app.freerouting.gui.WindowClearanceMatrix	clearance_table	clearanceTable
app.freerouting.gui.WindowClearanceMatrix	clearance_table_model	clearanceTableModel
app.freerouting.gui.WindowClearanceMatrix	north_panel	northPanel
app.freerouting.gui.WindowClearanceMatrix	layer_label	layerLabel
app.freerouting.gui.WindowClearanceMatrix	board_handling	boardHandling
app.freerouting.gui.WindowClearanceMatrix	south_panel	southPanel
app.freerouting.gui.WindowClearanceMatrix	rules_clearance_add_class_button	rulesClearanceAddClassButton
app.freerouting.gui.WindowClearanceMatrix	rules_clearance_prune_button	rulesClearancePruneButton
app.freerouting.gui.WindowClearanceMatrix	routing_board	routingBoard
app.freerouting.gui.WindowClearanceMatrix	textfield_height	textfieldHeight
app.freerouting.gui.WindowClearanceMatrix	textfield_width	textfieldWidth
app.freerouting.gui.WindowClearanceMatrix	table_height	tableHeight
app.freerouting.gui.WindowClearanceMatrix	table_width	tableWidth
app.freerouting.gui.WindowClearanceMatrix	scroll_panel	scrollPanel
app.freerouting.gui.WindowClearanceMatrix	scroll_pane	scrollPane
app.freerouting.gui.WindowClearanceMatrix	scroll_bar_width	scrollBarWidth
app.freerouting.gui.WindowClearanceMatrix	scroll_pane_height	scrollPaneHeight
app.freerouting.gui.WindowClearanceMatrix	scroll_pane_width	scrollPaneWidth
app.freerouting.gui.WindowClearanceMatrix	header_background_color	headerBackgroundColor
app.freerouting.gui.WindowClearanceMatrix	table_header	tableHeader
app.freerouting.gui.WindowClearanceMatrix	first_column	firstColumn
app.freerouting.gui.WindowClearanceMatrix	first_column_renderer	firstColumnRenderer
app.freerouting.gui.WindowClearanceMatrix	bug_label	bugLabel
app.freerouting.gui.WindowClearanceMatrix	new_name	newName
app.freerouting.gui.WindowClearanceMatrix	clearance_matrix	clearanceMatrix
app.freerouting.gui.WindowClearanceMatrix	name_exists	nameExists
app.freerouting.gui.WindowClearanceMatrix	remove_clearance_class_dialog	removeClearanceClassDialog
app.freerouting.gui.WindowClearanceMatrix	board_items	boardItems
app.freerouting.gui.WindowClearanceMatrix	column_names	columnNames
app.freerouting.gui.WindowClearanceMatrix	number_value	numberValue
app.freerouting.gui.WindowClearanceMatrix	curr_row	currRow
app.freerouting.gui.WindowClearanceMatrix	curr_column	currColumn
app.freerouting.gui.WindowClearanceMatrix	item_list	itemList
app.freerouting.gui.WindowClearanceMatrix	items_already_assigned_row	itemsAlreadyAssignedRow
app.freerouting.gui.WindowClearanceMatrix	items_already_assigned_column	itemsAlreadyAssignedColumn
app.freerouting.gui.WindowClearanceMatrix	curr_item	currItem
app.freerouting.gui.WindowClearanceMatrix	curr_item_class_no	currItemClassNo
app.freerouting.gui.WindowClearanceMatrix	items_already_assigned	itemsAlreadyAssigned
app.freerouting.gui.WindowClearanceMatrix	clearance_class_already_assigned_dialog	clearanceClassAlreadyAssignedDialog
app.freerouting.gui.WindowClearanceMatrix	board_value	boardValue
app.freerouting.gui.WindowClearanceMatrix	layer_no	layerNo
app.freerouting.gui.WindowClearanceMatrix	curr_table_value	currTableValue
app.freerouting.gui.WindowClearanceViolations	board_handling	boardHandling
app.freerouting.gui.WindowClearanceViolations	clearance_violations	clearanceViolations
app.freerouting.gui.WindowClearanceViolations	sorted_set	sortedSet
app.freerouting.gui.WindowClearanceViolations	selected_violations	selectedViolations
app.freerouting.gui.WindowClearanceViolations	selected_items	selectedItems
app.freerouting.gui.WindowClearanceViolations	curr_violation	currViolation
app.freerouting.gui.WindowClearanceViolations	curr_net	currNet
app.freerouting.gui.WindowClearanceViolations	board_location	boardLocation
app.freerouting.gui.WindowClearanceViolations	layer_structure	layerStructure
app.freerouting.gui.WindowComponents	sorted_arr	sortedArr
app.freerouting.gui.WindowComponents	selected_components	selectedComponents
app.freerouting.gui.WindowComponents	routing_board	routingBoard
app.freerouting.gui.WindowComponents	selected_items	selectedItems
app.freerouting.gui.WindowComponents	board_items	boardItems
app.freerouting.gui.WindowComponents	curr_component	currComponent
app.freerouting.gui.WindowComponents	component_matches	componentMatches
app.freerouting.gui.WindowDisplayMisc	appearance_misc_small_cursor_checkbox	appearanceMiscSmallCursorCheckbox
app.freerouting.gui.WindowDisplayMisc	appearance_misc_big_cursor_checkbox	appearanceMiscBigCursorCheckbox
app.freerouting.gui.WindowDisplayMisc	appearance_misc_rotation_none_checkbox	appearanceMiscRotationNoneCheckbox
app.freerouting.gui.WindowDisplayMisc	appearance_misc_rotation_90_degree_checkbox	appearanceMiscRotation90DegreeCheckbox
app.freerouting.gui.WindowDisplayMisc	appearance_misc_rotation_180_degree_checkbox	appearanceMiscRotation180DegreeCheckbox
app.freerouting.gui.WindowDisplayMisc	appearance_misc_rotation_270_degree_checkbox	appearanceMiscRotation270DegreeCheckbox
app.freerouting.gui.WindowDisplayMisc	appearance_misc_mirror_none_checkbox	appearanceMiscMirrorNoneCheckbox
app.freerouting.gui.WindowDisplayMisc	appearance_misc_vertical_mirror_checkbox	appearanceMiscVerticalMirrorCheckbox
app.freerouting.gui.WindowDisplayMisc	appearance_misc_horizontal_mirror_checkbox	appearanceMiscHorizontalMirrorCheckbox
app.freerouting.gui.WindowDisplayMisc	auto_layer_dim_slider	autoLayerDimSlider
app.freerouting.gui.WindowDisplayMisc	main_panel	mainPanel
app.freerouting.gui.WindowDisplayMisc	gridbag_constraints	gridbagConstraints
app.freerouting.gui.WindowDisplayMisc	cursor_label	cursorLabel
app.freerouting.gui.WindowDisplayMisc	cursor_button_group	cursorButtonGroup
app.freerouting.gui.WindowDisplayMisc	rotation_label	rotationLabel
app.freerouting.gui.WindowDisplayMisc	rotation_button_group	rotationButtonGroup
app.freerouting.gui.WindowDisplayMisc	mirroring_label	mirroringLabel
app.freerouting.gui.WindowDisplayMisc	mirroring_button_group	mirroringButtonGroup
app.freerouting.gui.WindowDisplayMisc	auto_layer_dim_label	autoLayerDimLabel
app.freerouting.gui.WindowDisplayMisc	ninety_degree_rotation	ninetyDegreeRotation
app.freerouting.gui.WindowDisplayMisc	is_mirror_left_right	isMirrorLeftRight
app.freerouting.gui.WindowDisplayMisc	is_mirror_top_button	isMirrorTopButton
app.freerouting.gui.WindowDisplayMisc	curr_slider_value	currSliderValue
app.freerouting.gui.WindowDisplayMisc	coordinate_transform	coordinateTransform
app.freerouting.gui.WindowDisplayMisc	old_viewport_center	oldViewportCenter
app.freerouting.gui.WindowDisplayMisc	new_value	newValue
app.freerouting.gui.WindowEditVias	board_frame	boardFrame
app.freerouting.gui.WindowEditVias	main_panel	mainPanel
app.freerouting.gui.WindowEditVias	cl_class_combo_box	clClassComboBox
app.freerouting.gui.WindowEditVias	padstack_combo_box	padstackComboBox
app.freerouting.gui.WindowEditVias	scroll_pane	scrollPane
app.freerouting.gui.WindowEditVias	table_model	tableModel
app.freerouting.gui.WindowEditVias	via_info_button_panel	viaInfoButtonPanel
app.freerouting.gui.WindowEditVias	rules_vias_vias_edit_add_button	rulesViasViasEditAddButton
app.freerouting.gui.WindowEditVias	rules_vias_vias_edit_remove_button	rulesViasViasEditRemoveButton
app.freerouting.gui.WindowEditVias	table_height	tableHeight
app.freerouting.gui.WindowEditVias	table_width	tableWidth
app.freerouting.gui.WindowEditVias	routing_board	routingBoard
app.freerouting.gui.WindowEditVias	via_infos	viaInfos
app.freerouting.gui.WindowEditVias	new_name	newName
app.freerouting.gui.WindowEditVias	name_start	nameStart
app.freerouting.gui.WindowEditVias	default_net_class	defaultNetClass
app.freerouting.gui.WindowEditVias	new_via	newVia
app.freerouting.gui.WindowEditVias	selected_row	selectedRow
app.freerouting.gui.WindowEditVias	via_name	viaName
app.freerouting.gui.WindowEditVias	board_rules	boardRules
app.freerouting.gui.WindowEditVias	via_info	viaInfo
app.freerouting.gui.WindowEditVias	column_names	columnNames
app.freerouting.gui.WindowEditVias	curr_via	currVia
app.freerouting.gui.WindowEditVias	new_padstack	newPadstack
app.freerouting.gui.WindowEditVias	new_cl_class_index	newClClassIndex
app.freerouting.gui.WindowIncompletes	sorted_arr	sortedArr
app.freerouting.gui.WindowIncompletes	selected_incompletes	selectedIncompletes
app.freerouting.gui.WindowIncompletes	selected_items	selectedItems
app.freerouting.gui.WindowIncompletes	curr_info	currInfo
app.freerouting.gui.WindowIncompletes	curr_airline	currAirline
app.freerouting.gui.WindowLengthViolations	net_list	netList
app.freerouting.gui.WindowLengthViolations	length_violations	lengthViolations
app.freerouting.gui.WindowLengthViolations	curr_violation_length	currViolationLength
app.freerouting.gui.WindowLengthViolations	curr_length_violation	currLengthViolation
app.freerouting.gui.WindowLengthViolations	selected_violations	selectedViolations
app.freerouting.gui.WindowLengthViolations	selected_items	selectedItems
app.freerouting.gui.WindowLengthViolations	curr_violation	currViolation
app.freerouting.gui.WindowLengthViolations	board_handling	boardHandling
app.freerouting.gui.WindowLengthViolations	violation_length	violationLength
app.freerouting.gui.WindowLengthViolations	coordinate_transform	coordinateTransform
app.freerouting.gui.WindowLengthViolations	net_class	netClass
app.freerouting.gui.WindowManualRules	board_handling	boardHandling
app.freerouting.gui.WindowManualRules	settings_routing_manual_rule_selection_layer_combo_box	settingsRoutingManualRuleSelectionLayerComboBox
app.freerouting.gui.WindowManualRules	settings_routing_manual_rule_selection_clearance_combo_box	settingsRoutingManualRuleSelectionClearanceComboBox
app.freerouting.gui.WindowManualRules	settings_routing_manual_rule_selection_via_rule_combo_box	settingsRoutingManualRuleSelectionViaRuleComboBox
app.freerouting.gui.WindowManualRules	trace_width_field	traceWidthField
app.freerouting.gui.WindowManualRules	key_input_completed	keyInputCompleted
app.freerouting.gui.WindowManualRules	main_panel	mainPanel
app.freerouting.gui.WindowManualRules	gridbag_constraints	gridbagConstraints
app.freerouting.gui.WindowManualRules	via_rule_label	viaRuleLabel
app.freerouting.gui.WindowManualRules	routing_board	routingBoard
app.freerouting.gui.WindowManualRules	class_label	classLabel
app.freerouting.gui.WindowManualRules	width_label	widthLabel
app.freerouting.gui.WindowManualRules	number_format	numberFormat
app.freerouting.gui.WindowManualRules	curr_half_width	currHalfWidth
app.freerouting.gui.WindowManualRules	layer_label	layerLabel
app.freerouting.gui.WindowManualRules	empty_label	emptyLabel
app.freerouting.gui.WindowManualRules	new_model	newModel
app.freerouting.gui.WindowManualRules	clearance_matrix	clearanceMatrix
app.freerouting.gui.WindowManualRules	via_rule_index	viaRuleIndex
app.freerouting.gui.WindowManualRules	trace_width	traceWidth
app.freerouting.gui.WindowManualRules	trace_widths_layer_dependent	traceWidthsLayerDependent
app.freerouting.gui.WindowManualRules	first_half_width	firstHalfWidth
app.freerouting.gui.WindowManualRules	new_selected_layer	newSelectedLayer
app.freerouting.gui.WindowManualRules	new_index	newIndex
app.freerouting.gui.WindowManualRules	input_value	inputValue
app.freerouting.gui.WindowManualRules	board_value	boardValue
app.freerouting.gui.WindowManualRules	new_half_width	newHalfWidth
app.freerouting.gui.WindowMessage	main_panel	mainPanel
app.freerouting.gui.WindowMessage	gridbag_constraints	gridbagConstraints
app.freerouting.gui.WindowMessage	message_label	messageLabel
app.freerouting.gui.WindowMessage	message_arr	messageArr
app.freerouting.gui.WindowMessage	selected_option	selectedOption
app.freerouting.gui.WindowMoveParameter	board_handling	boardHandling
app.freerouting.gui.WindowMoveParameter	horizontal_grid_field	horizontalGridField
app.freerouting.gui.WindowMoveParameter	vertical_grid_field	verticalGridField
app.freerouting.gui.WindowMoveParameter	settings_controls_zoom_radiobutton	settingsControlsZoomRadiobutton
app.freerouting.gui.WindowMoveParameter	settings_controls_rotate_radiobutton	settingsControlsRotateRadiobutton
app.freerouting.gui.WindowMoveParameter	key_input_completed	keyInputCompleted
app.freerouting.gui.WindowMoveParameter	main_panel	mainPanel
app.freerouting.gui.WindowMoveParameter	gridbag_constraints	gridbagConstraints
app.freerouting.gui.WindowMoveParameter	horizontal_grid_label	horizontalGridLabel
app.freerouting.gui.WindowMoveParameter	number_format	numberFormat
app.freerouting.gui.WindowMoveParameter	vertical_grid_label	verticalGridLabel
app.freerouting.gui.WindowMoveParameter	wheel_function_label	wheelFunctionLabel
app.freerouting.gui.WindowMoveParameter	button_group	buttonGroup
app.freerouting.gui.WindowMoveParameter	grid_width	gridWidth
app.freerouting.gui.WindowMoveParameter	input_value	inputValue
app.freerouting.gui.WindowNetClasses	board_frame	boardFrame
app.freerouting.gui.WindowNetClasses	main_panel	mainPanel
app.freerouting.gui.WindowNetClasses	cl_class_combo_box	clClassComboBox
app.freerouting.gui.WindowNetClasses	via_rule_combo_box	viaRuleComboBox
app.freerouting.gui.WindowNetClasses	center_panel	centerPanel
app.freerouting.gui.WindowNetClasses	table_model	tableModel
app.freerouting.gui.WindowNetClasses	routing_board	routingBoard
app.freerouting.gui.WindowNetClasses	net_class_button_panel	netClassButtonPanel
app.freerouting.gui.WindowNetClasses	rules_netclasses_add_class_button	rulesNetclassesAddClassButton
app.freerouting.gui.WindowNetClasses	rules_netclasses_remove_class_button	rulesNetclassesRemoveClassButton
app.freerouting.gui.WindowNetClasses	rules_netclasses_assign_button	rulesNetclassesAssignButton
app.freerouting.gui.WindowNetClasses	rules_netclasses_select_button	rulesNetclassesSelectButton
app.freerouting.gui.WindowNetClasses	rules_netclasses_contained_nets_button	rulesNetclassesContainedNetsButton
app.freerouting.gui.WindowNetClasses	rules_netclasses_filter_incompletes_button	rulesNetclassesFilterIncompletesButton
app.freerouting.gui.WindowNetClasses	table_height	tableHeight
app.freerouting.gui.WindowNetClasses	table_width	tableWidth
app.freerouting.gui.WindowNetClasses	curr_subwindow	currSubwindow
app.freerouting.gui.WindowNetClasses	scroll_pane	scrollPane
app.freerouting.gui.WindowNetClasses	bug_label	bugLabel
app.freerouting.gui.WindowNetClasses	selected_row	selectedRow
app.freerouting.gui.WindowNetClasses	net_class_name	netClassName
app.freerouting.gui.WindowNetClasses	board_rules	boardRules
app.freerouting.gui.WindowNetClasses	net_rule	netRule
app.freerouting.gui.WindowNetClasses	curr_net	currNet
app.freerouting.gui.WindowNetClasses	selected_rows	selectedRows
app.freerouting.gui.WindowNetClasses	selected_class_arr	selectedClassArr
app.freerouting.gui.WindowNetClasses	selected_items	selectedItems
app.freerouting.gui.WindowNetClasses	board_items	boardItems
app.freerouting.gui.WindowNetClasses	item_matches	itemMatches
app.freerouting.gui.WindowNetClasses	curr_net_class	currNetClass
app.freerouting.gui.WindowNetClasses	board_handling	boardHandling
app.freerouting.gui.WindowNetClasses	max_net_no	maxNetNo
app.freerouting.gui.WindowNetClasses	contained_nets	containedNets
app.freerouting.gui.WindowNetClasses	coordinate_transform	coordinateTransform
app.freerouting.gui.WindowNetClasses	new_window	newWindow
app.freerouting.gui.WindowNetClasses	new_window_location	newWindowLocation
app.freerouting.gui.WindowNetClasses	column_tool_tips	columnToolTips
app.freerouting.gui.WindowNetClasses	column_names	columnNames
app.freerouting.gui.WindowNetClasses	min_trace_length	minTraceLength
app.freerouting.gui.WindowNetClasses	max_trace_length	maxTraceLength
app.freerouting.gui.WindowNetClasses	new_via_rule	newViaRule
app.freerouting.gui.WindowNetClasses	curr_value	currValue
app.freerouting.gui.WindowNetClasses	new_cl_class_index	newClClassIndex
app.freerouting.gui.WindowNetClasses	curr_entry	currEntry
app.freerouting.gui.WindowNetClasses	curr_class	currClass
app.freerouting.gui.WindowNetClasses	macro_panel	macroPanel
app.freerouting.gui.WindowNetClasses	check_grid_panel	checkGridPanel
app.freerouting.gui.WindowNetClasses	bottom_panel	bottomPanel
app.freerouting.gui.WindowNetClasses	btn_ok	btnOk
app.freerouting.gui.WindowNetClasses	grid_wrapper	gridWrapper
app.freerouting.gui.WindowNetClasses	scroll_content_holder	scrollContentHolder
app.freerouting.gui.WindowNets	net_count_label	netCountLabel
app.freerouting.gui.WindowNets	filter_incompletes_checkbox	filterIncompletesCheckbox
app.freerouting.gui.WindowNets	info_pane	infoPane
app.freerouting.gui.WindowNets	curr_button_panel	currButtonPanel
app.freerouting.gui.WindowNets	rules_nets_assign_class_button	rulesNetsAssignClassButton
app.freerouting.gui.WindowNets	selected_nets	selectedNets
app.freerouting.gui.WindowNets	net_list	netList
app.freerouting.gui.WindowNets	selected_net_numbers	selectedNetNumbers
app.freerouting.gui.WindowNets	routing_board	routingBoard
app.freerouting.gui.WindowNets	selected_items	selectedItems
app.freerouting.gui.WindowNets	board_items	boardItems
app.freerouting.gui.WindowNets	item_matches	itemMatches
app.freerouting.gui.WindowNets	net_classes	netClasses
app.freerouting.gui.WindowNets	class_arr	classArr
app.freerouting.gui.WindowNets	selected_value	selectedValue
app.freerouting.gui.WindowNets	number_format	numberFormat
app.freerouting.gui.WindowNets	default_style	defaultStyle
app.freerouting.gui.WindowNets	bold_style	boldStyle
app.freerouting.gui.WindowNets	coordinate_transform	coordinateTransform
app.freerouting.gui.WindowNets	transformed_point	transformedPoint
app.freerouting.gui.WindowNets	transformed_shape	transformedShape
app.freerouting.gui.WindowNets	object_list	objectList
app.freerouting.gui.WindowNets	object_info_button	objectInfoButton
app.freerouting.gui.WindowNets	info_objects	infoObjects
app.freerouting.gui.WindowNets	new_window	newWindow
app.freerouting.gui.WindowNets	new_window_location	newWindowLocation
app.freerouting.gui.WindowNets	button_style	buttonStyle
app.freerouting.gui.WindowObjectInfo	text_pane	textPane
app.freerouting.gui.WindowObjectInfo	coordinate_transform	coordinateTransform
app.freerouting.gui.WindowObjectInfo	number_format	numberFormat
app.freerouting.gui.WindowObjectInfo	default_style	defaultStyle
app.freerouting.gui.WindowObjectInfo	bold_style	boldStyle
app.freerouting.gui.WindowObjectInfo	scroll_pane	scrollPane
app.freerouting.gui.WindowObjectInfo	new_instance	newInstance
app.freerouting.gui.WindowObjectInfo	pin_count	pinCount
app.freerouting.gui.WindowObjectInfo	via_count	viaCount
app.freerouting.gui.WindowObjectInfo	trace_count	traceCount
app.freerouting.gui.WindowObjectInfo	cumulative_trace_length	cumulativeTraceLength
app.freerouting.gui.WindowObjectInfo	new_window	newWindow
app.freerouting.gui.WindowObjectInfo	transformed_point	transformedPoint
app.freerouting.gui.WindowObjectInfo	transformed_shape	transformedShape
app.freerouting.gui.WindowObjectInfo	object_list	objectList
app.freerouting.gui.WindowObjectInfo	object_info_button	objectInfoButton
app.freerouting.gui.WindowObjectInfo	button_style	buttonStyle
app.freerouting.gui.WindowObjectInfo	new_window_location	newWindowLocation
app.freerouting.gui.for	south_panel	southPanel
app.freerouting.gui.for	main_panel	mainPanel
app.freerouting.gui.for	center_panel	centerPanel
app.freerouting.gui.for	list_empty_message	listEmptyMessage
app.freerouting.gui.for	list_scroll_pane	listScrollPane
app.freerouting.gui.for	list_model	listModel
app.freerouting.gui.for	button_panel	buttonPanel
app.freerouting.gui.for	north_button_panel	northButtonPanel
app.freerouting.gui.for	info_components_show_button	infoComponentsShowButton
app.freerouting.gui.for	show_listener	showListener
app.freerouting.gui.for	info_components_instance_button	infoComponentsInstanceButton
app.freerouting.gui.for	instance_listener	instanceListener
app.freerouting.gui.for	south_button_panel	southButtonPanel
app.freerouting.gui.for	info_components_invert_button	infoComponentsInvertButton
app.freerouting.gui.for	info_components_recalculate_button	infoComponentsRecalculateButton
app.freerouting.gui.for	recalculate_listener	recalculateListener
app.freerouting.gui.for	first_time	firstTime
app.freerouting.gui.for	selected_indices	selectedIndices
app.freerouting.gui.for	saved_selected_indices	savedSelectedIndices
app.freerouting.gui.for	selected_objects	selectedObjects
app.freerouting.gui.for	object_list	objectList
app.freerouting.gui.for	coordinate_transform	coordinateTransform
app.freerouting.gui.for	new_window	newWindow
app.freerouting.gui.for	new_window_location	newWindowLocation
app.freerouting.gui.for	new_selected_indices	newSelectedIndices
app.freerouting.gui.for	curr_index	currIndex
app.freerouting.gui.for	input_panel	inputPanel
app.freerouting.gui.for	filter_string	filterString
app.freerouting.gui.for	filter_label	filterLabel
app.freerouting.gui.for	curr_filter_string	currFilterString
app.freerouting.gui.for	object_matches	objectMatches
app.freerouting.gui.for	curr_string	currString
app.freerouting.gui.WindowPackages	sorted_arr	sortedArr
app.freerouting.gui.WindowPackages	selected_packages	selectedPackages
app.freerouting.gui.WindowPackages	routing_board	routingBoard
app.freerouting.gui.WindowPackages	board_instances	boardInstances
app.freerouting.gui.WindowPackages	board_items	boardItems
app.freerouting.gui.WindowPackages	curr_component	currComponent
app.freerouting.gui.WindowPackages	curr_package	currPackage
app.freerouting.gui.WindowPackages	package_matches	packageMatches
app.freerouting.gui.WindowPadstacks	sorted_arr	sortedArr
app.freerouting.gui.WindowPadstacks	selected_padstacks	selectedPadstacks
app.freerouting.gui.WindowPadstacks	padstack_list	padstackList
app.freerouting.gui.WindowPadstacks	routing_board	routingBoard
app.freerouting.gui.WindowPadstacks	board_instances	boardInstances
app.freerouting.gui.WindowPadstacks	curr_object	currObject
app.freerouting.gui.WindowPadstacks	curr_padstack	currPadstack
app.freerouting.gui.WindowRouteParameter	manual_rule_window	manualRuleWindow
app.freerouting.gui.WindowRouteParameter	region_slider	regionSlider
app.freerouting.gui.WindowRouteParameter	region_width_field	regionWidthField
app.freerouting.gui.WindowRouteParameter	edge_to_turn_dist_field	edgeToTurnDistField
app.freerouting.gui.WindowRouteParameter	edge_to_turn_suffix_label	edgeToTurnSuffixLabel
app.freerouting.gui.WindowRouteParameter	region_suffix_label	regionSuffixLabel
app.freerouting.gui.WindowRouteParameter	accuracy_suffix_label	accuracySuffixLabel
app.freerouting.gui.WindowRouteParameter	settings_routing_snap_angle_90_button	settingsRoutingSnapAngle90Button
app.freerouting.gui.WindowRouteParameter	settings_routing_snap_angle_45_button	settingsRoutingSnapAngle45Button
app.freerouting.gui.WindowRouteParameter	settings_routing_snap_angle_none_button	settingsRoutingSnapAngleNoneButton
app.freerouting.gui.WindowRouteParameter	settings_routing_dynamic_button	settingsRoutingDynamicButton
app.freerouting.gui.WindowRouteParameter	settings_routing_stitch_button	settingsRoutingStitchButton
app.freerouting.gui.WindowRouteParameter	settings_routing_automatic_button	settingsRoutingAutomaticButton
app.freerouting.gui.WindowRouteParameter	settings_routing_manual_button	settingsRoutingManualButton
app.freerouting.gui.WindowRouteParameter	settings_routing_shove_check_box	settingsRoutingShoveCheckBox
app.freerouting.gui.WindowRouteParameter	settings_routing_drag_component_check_box	settingsRoutingDragComponentCheckBox
app.freerouting.gui.WindowRouteParameter	settings_routing_ignore_conduction_check_box	settingsRoutingIgnoreConductionCheckBox
app.freerouting.gui.WindowRouteParameter	settings_routing_via_snap_to_smd_center_check_box	settingsRoutingViaSnapToSmdCenterCheckBox
app.freerouting.gui.WindowRouteParameter	settings_routing_hilight_routing_obstacle_check_box	settingsRoutingHilightRoutingObstacleCheckBox
app.freerouting.gui.WindowRouteParameter	settings_routing_neckdown_check_box	settingsRoutingNeckdownCheckBox
app.freerouting.gui.WindowRouteParameter	settings_routing_restrict_pin_exit_directions_check_box	settingsRoutingRestrictPinExitDirectionsCheckBox
app.freerouting.gui.WindowRouteParameter	manual_trace_width_listener	manualTraceWidthListener
app.freerouting.gui.WindowRouteParameter	accuracy_slider	accuracySlider
app.freerouting.gui.WindowRouteParameter	accuracy_value_field	accuracyValueField
app.freerouting.gui.WindowRouteParameter	clearance_compensation_check_box	clearanceCompensationCheckBox
app.freerouting.gui.WindowRouteParameter	clearance_value_field	clearanceValueField
app.freerouting.gui.WindowRouteParameter	clearance_suffix_label	clearanceSuffixLabel
app.freerouting.gui.WindowRouteParameter	route_detail_outline_keepout_check_box	routeDetailOutlineKeepoutCheckBox
app.freerouting.gui.WindowRouteParameter	updating_controls	updatingControls
app.freerouting.gui.WindowRouteParameter	key_input_completed	keyInputCompleted
app.freerouting.gui.WindowRouteParameter	main_panel	mainPanel
app.freerouting.gui.WindowRouteParameter	gridbag_constraints	gridbagConstraints
app.freerouting.gui.WindowRouteParameter	snap_angle_label	snapAngleLabel
app.freerouting.gui.WindowRouteParameter	snap_angle_button_group	snapAngleButtonGroup
app.freerouting.gui.WindowRouteParameter	route_mode_label	routeModeLabel
app.freerouting.gui.WindowRouteParameter	route_mode_button_group	routeModeButtonGroup
app.freerouting.gui.WindowRouteParameter	trace_widths_label	traceWidthsLabel
app.freerouting.gui.WindowRouteParameter	trace_widths_button_group	traceWidthsButtonGroup
app.freerouting.gui.WindowRouteParameter	pin_exit_edge_to_turn_label	pinExitEdgeToTurnLabel
app.freerouting.gui.WindowRouteParameter	number_format	numberFormat
app.freerouting.gui.WindowRouteParameter	pull_tight_region_label	pullTightRegionLabel
app.freerouting.gui.WindowRouteParameter	user_unit_format	userUnitFormat
app.freerouting.gui.WindowRouteParameter	pull_tight_accuracy_label	pullTightAccuracyLabel
app.freerouting.gui.WindowRouteParameter	read_ok	readOk
app.freerouting.gui.WindowRouteParameter	snap_angle	snapAngle
app.freerouting.gui.WindowRouteParameter	edge_to_turn_dist	edgeToTurnDist
app.freerouting.gui.WindowRouteParameter	region_slider_value	regionSliderValue
app.freerouting.gui.WindowRouteParameter	accuracy_slider_value	accuracySliderValue
app.freerouting.gui.WindowRouteParameter	accuracy_board_value	accuracyBoardValue
app.freerouting.gui.WindowRouteParameter	applied_compensation	appliedCompensation
app.freerouting.gui.WindowRouteParameter	slider_value	sliderValue
app.freerouting.gui.WindowRouteParameter	new_tidy_width	newTidyWidth
app.freerouting.gui.WindowRouteParameter	region_width	regionWidth
app.freerouting.gui.WindowRouteParameter	acc_slider_val	accSliderVal
app.freerouting.gui.WindowRouteParameter	acc_board_value	accBoardValue
app.freerouting.gui.WindowRouteParameter	trace_list	traceList
app.freerouting.gui.WindowRouteParameter	free_angle_traces_found	freeAngleTracesFound
app.freerouting.gui.WindowRouteParameter	curr_message	currMessage
app.freerouting.gui.WindowRouteParameter	first_time	firstTime
app.freerouting.gui.WindowRouteParameter	board_rules	boardRules
app.freerouting.gui.WindowRouteParameter	input_value	inputValue
app.freerouting.gui.WindowRouteParameter	user_value	userValue
app.freerouting.gui.WindowRouteParameter	board_value	boardValue
app.freerouting.gui.WindowRouteParameter	new_accuracy	newAccuracy
app.freerouting.gui.WindowRouteStubs	routing_board	routingBoard
app.freerouting.gui.WindowRouteStubs	route_stub_info_set	routeStubInfoSet
app.freerouting.gui.WindowRouteStubs	board_items	boardItems
app.freerouting.gui.WindowRouteStubs	stub_location	stubLocation
app.freerouting.gui.WindowRouteStubs	stub_layer	stubLayer
app.freerouting.gui.WindowRouteStubs	contact_list	contactList
app.freerouting.gui.WindowRouteStubs	curr_contact_item	currContactItem
app.freerouting.gui.WindowRouteStubs	first_contact_first_layer	firstContactFirstLayer
app.freerouting.gui.WindowRouteStubs	first_contact_last_layer	firstContactLastLayer
app.freerouting.gui.WindowRouteStubs	all_contacts_on_one_layer	allContactsOnOneLayer
app.freerouting.gui.WindowRouteStubs	curr_trace	currTrace
app.freerouting.gui.WindowRouteStubs	curr_route_stub_info	currRouteStubInfo
app.freerouting.gui.WindowRouteStubs	selected_list_values	selectedListValues
app.freerouting.gui.WindowRouteStubs	selected_items	selectedItems
app.freerouting.gui.WindowRouteStubs	board_handling	boardHandling
app.freerouting.gui.WindowRouteStubs	stub_item	stubItem
app.freerouting.gui.WindowRouteStubs	layer_no	layerNo
app.freerouting.gui.WindowRouteStubs	net_no	netNo
app.freerouting.gui.WindowRouteStubs	item_string	itemString
app.freerouting.gui.WindowRouteStubs	layer_name	layerName
app.freerouting.gui.WindowSelectParameter	board_frame	boardFrame
app.freerouting.gui.WindowSelectParameter	board_handling	boardHandling
app.freerouting.gui.WindowSelectParameter	settings_select_layer_name_arr	settingsSelectLayerNameArr
app.freerouting.gui.WindowSelectParameter	settings_select_layer_eye_arr	settingsSelectLayerEyeArr
app.freerouting.gui.WindowSelectParameter	settings_virtual_layer_name_arr	settingsVirtualLayerNameArr
app.freerouting.gui.WindowSelectParameter	settings_virtual_layer_eye_arr	settingsVirtualLayerEyeArr
app.freerouting.gui.WindowSelectParameter	settings_select_item_selection_choices	settingsSelectItemSelectionChoices
app.freerouting.gui.WindowSelectParameter	settings_select_all_visible_button	settingsSelectAllVisibleButton
app.freerouting.gui.WindowSelectParameter	settings_select_current_only_button	settingsSelectCurrentOnlyButton
app.freerouting.gui.WindowSelectParameter	main_panel	mainPanel
app.freerouting.gui.WindowSelectParameter	gridbag_constraints	gridbagConstraints
app.freerouting.gui.WindowSelectParameter	selection_layer_label	selectionLayerLabel
app.freerouting.gui.WindowSelectParameter	selection_layer_button_group	selectionLayerButtonGroup
app.freerouting.gui.WindowSelectParameter	selectable_items_label	selectableItemsLabel
app.freerouting.gui.WindowSelectParameter	filter_values	filterValues
app.freerouting.gui.WindowSelectParameter	current_layer_label	currentLayerLabel
app.freerouting.gui.WindowSelectParameter	layers_panel	layersPanel
app.freerouting.gui.WindowSelectParameter	layer_structure	layerStructure
app.freerouting.gui.WindowSelectParameter	layer_count	layerCount
app.freerouting.gui.WindowSelectParameter	layer_selection_group	layerSelectionGroup
app.freerouting.gui.WindowSelectParameter	curr_layer	currLayer
app.freerouting.gui.WindowSelectParameter	layer_no	layerNo
app.freerouting.gui.WindowSelectParameter	eye_cb	eyeCb
app.freerouting.gui.WindowSelectParameter	empty_label	emptyLabel
app.freerouting.gui.WindowSelectParameter	item_selection_filter	itemSelectionFilter
app.freerouting.gui.WindowSelectParameter	active_layer	activeLayer
app.freerouting.gui.WindowSelectParameter	active_virtual	activeVirtual
app.freerouting.gui.WindowSelectParameter	signal_layer_no	signalLayerNo
app.freerouting.gui.WindowSelectParameter	layer_idx	layerIdx
app.freerouting.gui.WindowSelectParameter	virtual_idx	virtualIdx
app.freerouting.gui.WindowSelectParameter	item_no	itemNo
app.freerouting.gui.WindowSelectParameter	is_selected	isSelected
app.freerouting.gui.WindowSelectParameter	item_type	itemType
app.freerouting.gui.WindowSelectParameter	unfixed_no	unfixedNo
app.freerouting.gui.WindowSelectParameter	fixed_no	fixedNo
app.freerouting.gui.WindowUnconnectedRoute	max_unconnected_route_info_id_no	maxUnconnectedRouteInfoIdNo
app.freerouting.gui.WindowUnconnectedRoute	routing_board	routingBoard
app.freerouting.gui.WindowUnconnectedRoute	handled_items	handledItems
app.freerouting.gui.WindowUnconnectedRoute	unconnected_route_info_set	unconnectedRouteInfoSet
app.freerouting.gui.WindowUnconnectedRoute	board_items	boardItems
app.freerouting.gui.WindowUnconnectedRoute	curr_connected_set	currConnectedSet
app.freerouting.gui.WindowUnconnectedRoute	terminal_item_found	terminalItemFound
app.freerouting.gui.WindowUnconnectedRoute	curr_net	currNet
app.freerouting.gui.WindowUnconnectedRoute	curr_unconnected_route_info	currUnconnectedRouteInfo
app.freerouting.gui.WindowUnconnectedRoute	selected_list_values	selectedListValues
app.freerouting.gui.WindowUnconnectedRoute	selected_items	selectedItems
app.freerouting.gui.WindowUnconnectedRoute	board_handling	boardHandling
app.freerouting.gui.WindowUnconnectedRoute	item_list	itemList
app.freerouting.gui.WindowUnconnectedRoute	id_no	idNo
app.freerouting.gui.WindowUnconnectedRoute	trace_count	traceCount
app.freerouting.gui.WindowUnconnectedRoute	via_count	viaCount
app.freerouting.gui.WindowUnconnectedRoute	curr_trace_count	currTraceCount
app.freerouting.gui.WindowUnconnectedRoute	curr_via_count	currViaCount
app.freerouting.gui.WindowVia	board_frame	boardFrame
app.freerouting.gui.WindowVia	rule_list	ruleList
app.freerouting.gui.WindowVia	rule_list_model	ruleListModel
app.freerouting.gui.WindowVia	main_panel	mainPanel
app.freerouting.gui.WindowVia	north_panel	northPanel
app.freerouting.gui.WindowVia	gridbag_constraints	gridbagConstraints
app.freerouting.gui.WindowVia	available_via_padstack_label	availableViaPadstackLabel
app.freerouting.gui.WindowVia	padstack_button_panel	padstackButtonPanel
app.freerouting.gui.WindowVia	rules_vias_padstacks_info_button	rulesViasPadstacksInfoButton
app.freerouting.gui.WindowVia	rules_vias_padstacks_create_button	rulesViasPadstacksCreateButton
app.freerouting.gui.WindowVia	rules_vias_padstacks_remove_button	rulesViasPadstacksRemoveButton
app.freerouting.gui.WindowVia	separator_label	separatorLabel
app.freerouting.gui.WindowVia	available_vias_label	availableViasLabel
app.freerouting.gui.WindowVia	via_button_panel	viaButtonPanel
app.freerouting.gui.WindowVia	rules_vias_vias_info_button	rulesViasViasInfoButton
app.freerouting.gui.WindowVia	rules_vias_vias_edit_button	rulesViasViasEditButton
app.freerouting.gui.WindowVia	via_rule_list_name	viaRuleListName
app.freerouting.gui.WindowVia	list_scroll_pane	listScrollPane
app.freerouting.gui.WindowVia	board_rules	boardRules
app.freerouting.gui.WindowVia	via_rule_button_panel	viaRuleButtonPanel
app.freerouting.gui.WindowVia	rules_vias_rules_info_button	rulesViasRulesInfoButton
app.freerouting.gui.WindowVia	rules_vias_rules_create_button	rulesViasRulesCreateButton
app.freerouting.gui.WindowVia	rules_vias_rules_edit_button	rulesViasRulesEditButton
app.freerouting.gui.WindowVia	rules_vias_rules_remove_button	rulesViasRulesRemoveButton
app.freerouting.gui.WindowVia	curr_subwindow	currSubwindow
app.freerouting.gui.WindowVia	object_list	objectList
app.freerouting.gui.WindowVia	board_library	boardLibrary
app.freerouting.gui.WindowVia	coordinate_transform	coordinateTransform
app.freerouting.gui.WindowVia	new_window	newWindow
app.freerouting.gui.WindowVia	new_window_location	newWindowLocation
app.freerouting.gui.WindowVia	padstack_name	padstackName
app.freerouting.gui.WindowVia	start_layer	startLayer
app.freerouting.gui.WindowVia	end_layer	endLayer
app.freerouting.gui.WindowVia	layers_selected	layersSelected
app.freerouting.gui.WindowVia	possible_start_layers	possibleStartLayers
app.freerouting.gui.WindowVia	selected_value	selectedValue
app.freerouting.gui.WindowVia	first_possible_end_layer_no	firstPossibleEndLayerNo
app.freerouting.gui.WindowVia	possible_end_layers	possibleEndLayers
app.freerouting.gui.WindowVia	default_radius	defaultRadius
app.freerouting.gui.WindowVia	default_radius_input_panel	defaultRadiusInputPanel
app.freerouting.gui.WindowVia	number_format	numberFormat
app.freerouting.gui.WindowVia	default_radius_input_field	defaultRadiusInputField
app.freerouting.gui.WindowVia	input_value	inputValue
app.freerouting.gui.WindowVia	padstack_input_panel	padstackInputPanel
app.freerouting.gui.WindowVia	from_layer_no	fromLayerNo
app.freerouting.gui.WindowVia	to_layer_no	toLayerNo
app.freerouting.gui.WindowVia	padstack_shapes	padstackShapes
app.freerouting.gui.WindowVia	shape_exists	shapeExists
app.freerouting.gui.WindowVia	circle_radius	circleRadius
app.freerouting.gui.WindowVia	new_padstack	newPadstack
app.freerouting.gui.WindowVia	layer_names	layerNames
app.freerouting.gui.WindowVia	layer_structure	layerStructure
app.freerouting.gui.WindowVia	layer_count	layerCount
app.freerouting.gui.WindowVia	label_string	labelString
app.freerouting.gui.WindowVia	via_padstacks	viaPadstacks
app.freerouting.gui.WindowVia	selected_padstack	selectedPadstack
app.freerouting.gui.WindowVia	via_with_selected_padstack	viaWithSelectedPadstack
app.freerouting.gui.WindowVia	via_infos	viaInfos
app.freerouting.gui.WindowVia	selected_objects	selectedObjects
app.freerouting.gui.WindowVia	selected_object	selectedObject
app.freerouting.gui.WindowVia	new_name	newName
app.freerouting.gui.WindowVia	new_via_rule	newViaRule
app.freerouting.gui.WindowVia	selected_rule	selectedRule
app.freerouting.gui.WindowViaRule	via_rule	viaRule
app.freerouting.gui.WindowViaRule	via_list	viaList
app.freerouting.gui.WindowViaRule	main_panel	mainPanel
app.freerouting.gui.WindowViaRule	rule_list	ruleList
app.freerouting.gui.WindowViaRule	rule_list_model	ruleListModel
app.freerouting.gui.WindowViaRule	list_scroll_pane	listScrollPane
app.freerouting.gui.WindowViaRule	button_panel	buttonPanel
app.freerouting.gui.WindowViaRule	gridbag_constraints	gridbagConstraints
app.freerouting.gui.WindowViaRule	rules_vias_rules_edit_append_button	rulesViasRulesEditAppendButton
app.freerouting.gui.WindowViaRule	rules_vias_rules_edit_remove_button	rulesViasRulesEditRemoveButton
app.freerouting.gui.WindowViaRule	rules_vias_rules_edit_move_up_button	rulesViasRulesEditMoveUpButton
app.freerouting.gui.WindowViaRule	rules_vias_rules_edit_move_down_button	rulesViasRulesEditMoveDownButton
app.freerouting.gui.WindowViaRule	via_1	via1
app.freerouting.gui.WindowViaRule	via_2	via2
app.freerouting.gui.WindowViaRule	possible_values	possibleValues
app.freerouting.gui.WindowViaRule	curr_index	currIndex
app.freerouting.gui.WindowViaRule	curr_via	currVia
app.freerouting.gui.WindowViaRule	selected_value	selectedValue
app.freerouting.gui.WindowViaRule	selected_via	selectedVia
app.freerouting.gui.WindowViaRule	selected_index	selectedIndex
app.freerouting.gui.WindowVisibility	board_panel	boardPanel
app.freerouting.gui.WindowVisibility	layer_section	layerSection
app.freerouting.gui.WindowVisibility	object_section	objectSection
app.freerouting.gui.WindowVisibility	bulk_update_in_progress	bulkUpdateInProgress
app.freerouting.gui.WindowVisibility	layer_structure	layerStructure
app.freerouting.gui.WindowVisibility	layer_messages	layerMessages
app.freerouting.gui.WindowVisibility	object_messages	objectMessages
app.freerouting.gui.WindowVisibility	main_panel	mainPanel
app.freerouting.gui.WindowVisibility	header_panel	headerPanel
app.freerouting.gui.WindowVisibility	header_message	headerMessage
app.freerouting.gui.WindowVisibility	content_panel	contentPanel
app.freerouting.gui.WindowVisibility	scroll_pane	scrollPane
app.freerouting.gui.WindowVisibility	button_row_panel	buttonRowPanel
app.freerouting.gui.WindowVisibility	visibility_tm	visibilityTm
app.freerouting.gui.WindowVisibility	reset_button	resetButton
app.freerouting.gui.WindowVisibility	footer_panel	footerPanel
app.freerouting.gui.WindowVisibility	snapped_value	snappedValue
app.freerouting.gui.WindowVisibility	slider_no	sliderNo
app.freerouting.gui.WindowVisibility	current_value	currentValue
app.freerouting.gui.WindowVisibility	message_arr	messageArr
app.freerouting.gui.WindowVisibility	slider_arr	sliderArr
app.freerouting.gui.WindowVisibility	value_arr	valueArr
app.freerouting.gui.WindowVisibility	original_defaults	originalDefaults
app.freerouting.gui.WindowVisibility	defaults_set	defaultsSet
app.freerouting.gui.WindowVisibility	current_value_supplier	currentValueSupplier
app.freerouting.gui.WindowVisibility	section_title	sectionTitle
app.freerouting.gui.WindowVisibility	row_panel	rowPanel
app.freerouting.gui.WindowVisibility	label_size	labelSize
app.freerouting.gui.WindowVisibility	slider_size	sliderSize
app.freerouting.gui.WindowVisibility	value_size	valueSize
app.freerouting.gui.WindowVisibility	original_val	originalVal
app.freerouting.interactive.should	start_message	startMessage
app.freerouting.interactive.should	saved_board_read_only	savedBoardReadOnly
app.freerouting.interactive.should	ratsnest_hidden_before	ratsnestHiddenBefore
app.freerouting.interactive.should	num_threads	numThreads
app.freerouting.interactive.should	opt_message	optMessage
app.freerouting.interactive.should	curr_message	currMessage
app.freerouting.interactive.should	end_message	endMessage
app.freerouting.interactive.should	percentage_improvement	percentageImprovement
app.freerouting.interactive.should	incomplete_count	incompleteCount
app.freerouting.interactive.should	curr_air_line	currAirLine
app.freerouting.interactive.should	draw_line	drawLine
app.freerouting.interactive.should	draw_color	drawColor
app.freerouting.interactive.should	draw_width	drawWidth
app.freerouting.interactive.should	current_opt_position	currentOptPosition
app.freerouting.interactive.should	draw_points	drawPoints
app.freerouting.interactive.CircleConstructionState	circle_center	circleCenter
app.freerouting.interactive.CircleConstructionState	circle_radius	circleRadius
app.freerouting.interactive.CircleConstructionState	observers_activated	observersActivated
app.freerouting.interactive.CircleConstructionState	cl_class	clClass
app.freerouting.interactive.CircleConstructionState	construction_succeeded	constructionSucceeded
app.freerouting.interactive.CircleConstructionState	obstacle_shape	obstacleShape
app.freerouting.interactive.CircleConstructionState	current_mouse_position	currentMousePosition
app.freerouting.interactive.ClearanceViolations	global_smallest_clearance	globalSmallestClearance
app.freerouting.interactive.ClearanceViolations	draw_color	drawColor
app.freerouting.interactive.ClearanceViolations	draw_radius	drawRadius
app.freerouting.interactive.CopyItemState	item_list	itemList
app.freerouting.interactive.CopyItemState	start_position	startPosition
app.freerouting.interactive.CopyItemState	current_position	currentPosition
app.freerouting.interactive.CopyItemState	current_layer	currentLayer
app.freerouting.interactive.CopyItemState	layer_changed	layerChanged
app.freerouting.interactive.CopyItemState	previous_position	previousPosition
app.freerouting.interactive.CopyItemState	new_item	newItem
app.freerouting.interactive.CopyItemState	new_padstack	newPadstack
app.freerouting.interactive.CopyItemState	old_layer	oldLayer
app.freerouting.interactive.CopyItemState	new_shapes	newShapes
app.freerouting.interactive.CopyItemState	layer_diff	layerDiff
app.freerouting.interactive.CopyItemState	new_layer_no	newLayerNo
app.freerouting.interactive.CopyItemState	translate_vector	translateVector
app.freerouting.interactive.CopyItemState	copied_components	copiedComponents
app.freerouting.interactive.CopyItemState	curr_cmp_no	currCmpNo
app.freerouting.interactive.CopyItemState	new_cmp_no	newCmpNo
app.freerouting.interactive.CopyItemState	curr_key	currKey
app.freerouting.interactive.CopyItemState	curr_value	currValue
app.freerouting.interactive.CopyItemState	old_component	oldComponent
app.freerouting.interactive.CopyItemState	new_location	newLocation
app.freerouting.interactive.CopyItemState	new_package	newPackage
app.freerouting.interactive.CopyItemState	new_pin_arr	newPinArr
app.freerouting.interactive.CopyItemState	old_pin	oldPin
app.freerouting.interactive.CopyItemState	old_padstack	oldPadstack
app.freerouting.interactive.CopyItemState	new_component	newComponent
app.freerouting.interactive.CopyItemState	all_items_inserted	allItemsInserted
app.freerouting.interactive.CopyItemState	first_time	firstTime
app.freerouting.interactive.for	corner_list	cornerList
app.freerouting.interactive.for	snapped_mouse_position	snappedMousePosition
app.freerouting.interactive.for	observers_activated	observersActivated
app.freerouting.interactive.for	curr_mouse_pos	currMousePos
app.freerouting.interactive.for	corner_count	cornerCount
app.freerouting.interactive.for	first_corner	firstCorner
app.freerouting.interactive.for	last_corner	lastCorner
app.freerouting.interactive.for	add_corner	addCorner
app.freerouting.interactive.for	list_empty	listEmpty
app.freerouting.interactive.CutoutRouteState	trace_list	traceList
app.freerouting.interactive.CutoutRouteState	item_list	itemList
app.freerouting.interactive.CutoutRouteState	new_instance	newInstance
app.freerouting.interactive.CutoutRouteState	cut_box	cutBox
app.freerouting.interactive.CutoutRouteState	changed_nets	changedNets
app.freerouting.interactive.for	item_to_move	itemToMove
app.freerouting.interactive.for	to_location	toLocation
app.freerouting.interactive.for	from_location	fromLocation
app.freerouting.interactive.for	move_component	moveComponent
app.freerouting.interactive.for	rel_coor	relCoor
app.freerouting.interactive.for	shove_ok	shoveOk
app.freerouting.interactive.for	sample_width	sampleWidth
app.freerouting.interactive.for	moved_items	movedItems
app.freerouting.interactive.for	changed_nets	changedNets
app.freerouting.interactive.implementing	previous_location	previousLocation
app.freerouting.interactive.implementing	something_dragged	somethingDragged
app.freerouting.interactive.implementing	observers_activated	observersActivated
app.freerouting.interactive.implementing	item_to_move	itemToMove
app.freerouting.interactive.implementing	try_count	tryCount
app.freerouting.interactive.implementing	curr_layer	currLayer
app.freerouting.interactive.implementing	pick_layer	pickLayer
app.freerouting.interactive.implementing	item_found	itemFound
app.freerouting.interactive.implementing	found_items	foundItems
app.freerouting.interactive.implementing	changed_nets	changedNets
app.freerouting.interactive.DynamicRouteState	curr_return_state	currReturnState
app.freerouting.interactive.ExpandTestState	in_autoroute	inAutoroute
app.freerouting.interactive.ExpandTestState	maze_search_algo	mazeSearchAlgo
app.freerouting.interactive.ExpandTestState	autoroute_result	autorouteResult
app.freerouting.interactive.ExpandTestState	control_settings	controlSettings
app.freerouting.interactive.ExpandTestState	autoroute_engine	autorouteEngine
app.freerouting.interactive.ExpandTestState	completing_succeeded	completingSucceeded
app.freerouting.interactive.ExpandTestState	next_room	nextRoom
app.freerouting.interactive.ExpandTestState	max_count	maxCount
app.freerouting.interactive.ExpandTestState	curr_count	currCount
app.freerouting.interactive.ExpandTestState	found_items	foundItems
app.freerouting.interactive.ExpandTestState	route_item	routeItem
app.freerouting.interactive.ExpandTestState	route_net_no	routeNetNo
app.freerouting.interactive.ExpandTestState	curr_item	currItem
app.freerouting.interactive.ExpandTestState	contained_shape	containedShape
app.freerouting.interactive.ExpandTestState	expansion_room	expansionRoom
app.freerouting.interactive.ExpandTestState	route_start_set	routeStartSet
app.freerouting.interactive.ExpandTestState	route_dest_set	routeDestSet
app.freerouting.interactive.ExpandTestState	search_result	searchResult
app.freerouting.interactive.ExpandTestState	ripped_item_list	rippedItemList
app.freerouting.interactive.ExpandTestState	ripped_connections	rippedConnections
app.freerouting.interactive.ExpandTestState	completed_rooms	completedRooms
app.freerouting.interactive.extends	screen_messages	screenMessages
app.freerouting.interactive.extends	graphics_context	graphicsContext
app.freerouting.interactive.extends	coordinate_transform	coordinateTransform
app.freerouting.interactive.extends	clearance_violations	clearanceViolations
app.freerouting.interactive.extends	interactive_state	interactiveState
app.freerouting.interactive.extends	paint_immediately	paintImmediately
app.freerouting.interactive.extends	num_threads	numThreads
app.freerouting.interactive.extends	board_update_strategy	boardUpdateStrategy
app.freerouting.interactive.extends	hybrid_ratio	hybridRatio
app.freerouting.interactive.extends	item_selection_strategy	itemSelectionStrategy
app.freerouting.interactive.extends	interactive_action_thread	interactiveActionThread
app.freerouting.interactive.extends	board_is_read_only	boardIsReadOnly
app.freerouting.interactive.extends	current_mouse_position	currentMousePosition
app.freerouting.interactive.extends	edge_to_turn_dist	edgeToTurnDist
app.freerouting.interactive.extends	pin_list	pinList
app.freerouting.interactive.extends	contact_list	contactList
app.freerouting.interactive.extends	best_visibility	bestVisibility
app.freerouting.interactive.extends	best_visible_layer	bestVisibleLayer
app.freerouting.interactive.extends	curr_net	currNet
app.freerouting.interactive.extends	curr_net_class	currNetClass
app.freerouting.interactive.extends	curr_layer	currLayer
app.freerouting.interactive.extends	violation_count	violationCount
app.freerouting.interactive.extends	curr_message	currMessage
app.freerouting.interactive.extends	incomplete_count	incompleteCount
app.freerouting.interactive.extends	length_violation_count	lengthViolationCount
app.freerouting.interactive.extends	unit_factor	unitFactor
app.freerouting.interactive.extends	panel_size	panelSize
app.freerouting.interactive.extends	old_transform	oldTransform
app.freerouting.interactive.extends	MAX_RECTANGLE	maxRECTANGLE
app.freerouting.interactive.extends	effective_interval	effectiveInterval
app.freerouting.interactive.extends	update_rect	updateRect
app.freerouting.interactive.extends	draw_color	drawColor
app.freerouting.interactive.extends	draw_intensity	drawIntensity
app.freerouting.interactive.extends	default_trace_half_width	defaultTraceHalfWidth
app.freerouting.interactive.extends	draw_width	drawWidth
app.freerouting.interactive.extends	draw_points	drawPoints
app.freerouting.interactive.extends	changed_nets	changedNets
app.freerouting.interactive.extends	return_state	returnState
app.freerouting.interactive.extends	mouse_position	mousePosition
app.freerouting.interactive.extends	hover_item	hoverItem
app.freerouting.interactive.extends	hover_info	hoverInfo
app.freerouting.interactive.extends	new_state	newState
app.freerouting.interactive.extends	bounding_box	boundingBox
app.freerouting.interactive.extends	lower_left	lowerLeft
app.freerouting.interactive.extends	upper_right	upperRight
app.freerouting.interactive.extends	update_box	updateBox
app.freerouting.interactive.extends	offset_box	offsetBox
app.freerouting.interactive.extends	new_bounding_box	newBoundingBox
app.freerouting.interactive.extends	board_items	boardItems
app.freerouting.interactive.extends	curr_bounding_box	currBoundingBox
app.freerouting.interactive.HoleConstructionState	item_to_modify	itemToModify
app.freerouting.interactive.HoleConstructionState	new_instance	newInstance
app.freerouting.interactive.HoleConstructionState	pick_location	pickLocation
app.freerouting.interactive.HoleConstructionState	selectable_choices	selectableChoices
app.freerouting.interactive.HoleConstructionState	selection_filter	selectionFilter
app.freerouting.interactive.HoleConstructionState	found_items	foundItems
app.freerouting.interactive.HoleConstructionState	found_item	foundItem
app.freerouting.interactive.HoleConstructionState	corner_count	cornerCount
app.freerouting.interactive.HoleConstructionState	construction_succeeded	constructionSucceeded
app.freerouting.interactive.HoleConstructionState	new_holes	newHoles
app.freerouting.interactive.HoleConstructionState	new_border	newBorder
app.freerouting.interactive.HoleConstructionState	obs_area	obsArea
app.freerouting.interactive.HoleConstructionState	old_holes	oldHoles
app.freerouting.interactive.HoleConstructionState	new_hole_corners	newHoleCorners
app.freerouting.interactive.HoleConstructionState	new_obs_area	newObsArea
app.freerouting.interactive.implementing	item_list	itemList
app.freerouting.interactive.implementing	clearance_violations	clearanceViolations
app.freerouting.interactive.implementing	curr_net_no_set	currNetNoSet
app.freerouting.interactive.implementing	new_selected_items	newSelectedItems
app.freerouting.interactive.implementing	curr_group_no_set	currGroupNoSet
app.freerouting.interactive.implementing	picked_items	pickedItems
app.freerouting.interactive.implementing	state_ended	stateEnded
app.freerouting.interactive.implementing	picked_item	pickedItem
app.freerouting.interactive.implementing	violation_count	violationCount
app.freerouting.interactive.implementing	curr_message	currMessage
app.freerouting.interactive.InspectItemsInRegionState	new_instance	newInstance
app.freerouting.interactive.InspectItemsInRegionState	select_layer	selectLayer
app.freerouting.interactive.InspectItemsInRegionState	found_items	foundItems
app.freerouting.interactive.InspectItemsInRegionState	visible_items	visibleItems
app.freerouting.interactive.InspectItemsInRegionState	something_found	somethingFound
app.freerouting.interactive.implementing	last_hovered_item	lastHoveredItem
app.freerouting.interactive.implementing	last_hovered_violation	lastHoveredViolation
app.freerouting.interactive.implementing	backup_message	backupMessage
app.freerouting.interactive.implementing	current_position	currentPosition
app.freerouting.interactive.implementing	current_violation	currentViolation
app.freerouting.interactive.implementing	current_item	currentItem
app.freerouting.interactive.implementing	segment_count	segmentCount
app.freerouting.interactive.implementing	expected_mm	expectedMm
app.freerouting.interactive.implementing	actual_mm	actualMm
app.freerouting.interactive.implementing	violation_mm	violationMm
app.freerouting.interactive.implementing	draw_radius	drawRadius
app.freerouting.interactive.implementing	highlight_colors	highlightColors
app.freerouting.interactive.implementing	base_intensity	baseIntensity
app.freerouting.interactive.implementing	highlight_intensity	highlightIntensity
app.freerouting.interactive.is	manual_trace_half_width_arr	manualTraceHalfWidthArr
app.freerouting.interactive.is	trace_pull_tight_accuracy	tracePullTightAccuracy
app.freerouting.interactive.is	automatic_neckdown	automaticNeckdown
app.freerouting.interactive.is	push_enabled	pushEnabled
app.freerouting.interactive.is	drag_components_enabled	dragComponentsEnabled
app.freerouting.interactive.is	select_on_all_visible_layers	selectOnAllVisibleLayers
app.freerouting.interactive.is	is_stitch_route	isStitchRoute
app.freerouting.interactive.is	trace_pull_tight_region_width	tracePullTightRegionWidth
app.freerouting.interactive.is	via_snap_to_smd_center	viaSnapToSmdCenter
app.freerouting.interactive.is	horizontal_component_grid	horizontalComponentGrid
app.freerouting.interactive.is	vertical_component_grid	verticalComponentGrid
app.freerouting.interactive.is	manual_rule_selection	manualRuleSelection
app.freerouting.interactive.is	hilight_routing_obstacle	hilightRoutingObstacle
app.freerouting.interactive.is	manual_trace_clearance_class	manualTraceClearanceClass
app.freerouting.interactive.is	manual_via_rule_index	manualViaRuleIndex
app.freerouting.interactive.is	zoom_with_wheel	zoomWithWheel
app.freerouting.interactive.is	item_selection_filter	itemSelectionFilter
app.freerouting.interactive.is	read_only	readOnly
app.freerouting.interactive.of	return_state	returnState
app.freerouting.interactive.of	mouse_position	mousePosition
app.freerouting.interactive.of	screen_mouse_pos	screenMousePos
app.freerouting.interactive.of	layer_structure	layerStructure
app.freerouting.interactive.for	shove_trace_width_arr	shoveTraceWidthArr
app.freerouting.interactive.for	layer_active_arr	layerActiveArr
app.freerouting.interactive.for	shove_trace_width	shoveTraceWidth
app.freerouting.interactive.for	route_net_no_arr	routeNetNoArr
app.freerouting.interactive.for	route_end	routeEnd
app.freerouting.interactive.for	delete_net_no	deleteNetNo
app.freerouting.interactive.for	picked_items	pickedItems
app.freerouting.interactive.for	something_found	somethingFound
app.freerouting.interactive.for	selection_filter	selectionFilter
app.freerouting.interactive.for	first_item	firstItem
app.freerouting.interactive.for	curr_return_state	currReturnState
app.freerouting.interactive.for	layer_structure	layerStructure
app.freerouting.interactive.for	current_layer_no	currentLayerNo
app.freerouting.interactive.MoveItemState	item_list	itemList
app.freerouting.interactive.MoveItemState	component_list	componentList
app.freerouting.interactive.MoveItemState	grid_snap_component	gridSnapComponent
app.freerouting.interactive.MoveItemState	net_items_list	netItemsList
app.freerouting.interactive.MoveItemState	observers_activated	observersActivated
app.freerouting.interactive.MoveItemState	current_position	currentPosition
app.freerouting.interactive.MoveItemState	previous_position	previousPosition
app.freerouting.interactive.MoveItemState	clearance_violations	clearanceViolations
app.freerouting.interactive.MoveItemState	routing_board	routingBoard
app.freerouting.interactive.MoveItemState	copied_item	copiedItem
app.freerouting.interactive.MoveItemState	curr_component	currComponent
app.freerouting.interactive.MoveItemState	component_items	componentItems
app.freerouting.interactive.MoveItemState	fixed_items	fixedItems
app.freerouting.interactive.MoveItemState	obstacle_items	obstacleItems
app.freerouting.interactive.MoveItemState	add_items	addItems
app.freerouting.interactive.MoveItemState	move_ok	moveOk
app.freerouting.interactive.MoveItemState	item_movable	itemMovable
app.freerouting.interactive.MoveItemState	new_item_list	newItemList
app.freerouting.interactive.MoveItemState	new_net_items	newNetItems
app.freerouting.interactive.MoveItemState	translate_vector	translateVector
app.freerouting.interactive.MoveItemState	new_component_location	newComponentLocation
app.freerouting.interactive.MoveItemState	rounded_component_location	roundedComponentLocation
app.freerouting.interactive.MoveItemState	float_position	floatPosition
app.freerouting.interactive.MoveItemState	layer_structure	layerStructure
app.freerouting.interactive.MoveItemState	board_library	boardLibrary
app.freerouting.interactive.MoveItemState	placement_side_changable	placementSideChangable
app.freerouting.interactive.MoveItemState	new_layer_no	newLayerNo
app.freerouting.interactive.MoveItemState	component_to_reset	componentToReset
app.freerouting.interactive.MoveItemState	curr_return_state	currReturnState
app.freerouting.interactive.MoveItemState	draw_color	drawColor
app.freerouting.interactive.MoveItemState	net_no	netNo
app.freerouting.interactive.PinSwapState	from_pin	fromPin
app.freerouting.interactive.PinSwapState	swappable_pins	swappablePins
app.freerouting.interactive.PinSwapState	to_pin	toPin
app.freerouting.interactive.PinSwapState	new_state	newState
app.freerouting.interactive.PinSwapState	selection_filter	selectionFilter
app.freerouting.interactive.PinSwapState	picked_items	pickedItems
app.freerouting.interactive.PinSwapState	to_item	toItem
app.freerouting.interactive.PinSwapState	from_net_no	fromNetNo
app.freerouting.interactive.PinSwapState	to_net_no	toNetNo
app.freerouting.interactive.PinSwapState	highlight_color	highlightColor
app.freerouting.interactive.PinSwapState	highligt_color_intensity	highligtColorIntensity
app.freerouting.interactive.PolygonShapeConstructionState	corner_count	cornerCount
app.freerouting.interactive.PolygonShapeConstructionState	construction_succeeded	constructionSucceeded
app.freerouting.interactive.PolygonShapeConstructionState	corner_arr	cornerArr
app.freerouting.interactive.PolygonShapeConstructionState	obstacle_shape	obstacleShape
app.freerouting.interactive.PolygonShapeConstructionState	cl_class	clClass
app.freerouting.interactive.RatsNest	is_filtered	isFiltered
app.freerouting.interactive.RatsNest	max_net_no	maxNetNo
app.freerouting.interactive.RatsNest	draw_length_violations_only	drawLengthViolationsOnly
app.freerouting.interactive.Route	net_no_arr	netNoArr
app.freerouting.interactive.Route	start_item	startItem
app.freerouting.interactive.Route	target_set	targetSet
app.freerouting.interactive.Route	swap_pin_infos	swapPinInfos
app.freerouting.interactive.Route	pen_half_width_arr	penHalfWidthArr
app.freerouting.interactive.Route	layer_active	layerActive
app.freerouting.interactive.Route	clearance_class	clearanceClass
app.freerouting.interactive.Route	via_rule	viaRule
app.freerouting.interactive.Route	max_shove_trace_recursion_depth	maxShoveTraceRecursionDepth
app.freerouting.interactive.Route	max_shove_via_recursion_depth	maxShoveViaRecursionDepth
app.freerouting.interactive.Route	max_spring_over_recursion_depth	maxSpringOverRecursionDepth
app.freerouting.interactive.Route	trace_tidy_width	traceTidyWidth
app.freerouting.interactive.Route	pull_tight_accuracy	pullTightAccuracy
app.freerouting.interactive.Route	is_stitch_mode	isStitchMode
app.freerouting.interactive.Route	with_neckdown	withNeckdown
app.freerouting.interactive.Route	via_snap_to_smd_center	viaSnapToSmdCenter
app.freerouting.interactive.Route	hilight_shove_failing_obstacle	hilightShoveFailingObstacle
app.freerouting.interactive.Route	pull_tight_time_limit	pullTightTimeLimit
app.freerouting.interactive.Route	prev_corner	prevCorner
app.freerouting.interactive.Route	target_points	targetPoints
app.freerouting.interactive.Route	target_traces_and_areas	targetTracesAndAreas
app.freerouting.interactive.Route	nearest_target_point	nearestTargetPoint
app.freerouting.interactive.Route	nearest_target_item	nearestTargetItem
app.freerouting.interactive.Route	shove_failing_obstacle	shoveFailingObstacle
app.freerouting.interactive.Route	curr_corner	currCorner
app.freerouting.interactive.Route	angle_restriction	angleRestriction
app.freerouting.interactive.Route	end_routing_item	endRoutingItem
app.freerouting.interactive.Route	check_forced_trace_time_limit	checkForcedTraceTimeLimit
app.freerouting.interactive.Route	ok_point	okPoint
app.freerouting.interactive.Route	route_completed	routeCompleted
app.freerouting.interactive.Route	tidy_clip_shape	tidyClipShape
app.freerouting.interactive.Route	opt_net_no_arr	optNetNoArr
app.freerouting.interactive.Route	snapped_to_smd_center	snappedToSmdCenter
app.freerouting.interactive.Route	min_layer	minLayer
app.freerouting.interactive.Route	max_layer	maxLayer
app.freerouting.interactive.Route	via_found	viaFound
app.freerouting.interactive.Route	curr_via_info	currViaInfo
app.freerouting.interactive.Route	curr_via_padstack	currViaPadstack
app.freerouting.interactive.Route	selection_filter	selectionFilter
app.freerouting.interactive.Route	picked_items	pickedItems
app.freerouting.interactive.Route	found_smd_pin	foundSmdPin
app.freerouting.interactive.Route	pin_center	pinCenter
app.freerouting.interactive.Route	connection_point	connectionPoint
app.freerouting.interactive.Route	connection_succeeded	connectionSucceeded
app.freerouting.interactive.Route	from_corner	fromCorner
app.freerouting.interactive.Route	to_corner	toCorner
app.freerouting.interactive.Route	time_limit	timeLimit
app.freerouting.interactive.Route	curr_ok_point	currOkPoint
app.freerouting.interactive.Route	first_layer	firstLayer
app.freerouting.interactive.Route	last_layer	lastLayer
app.freerouting.interactive.Route	curr_swappable_pins	currSwappablePins
app.freerouting.interactive.Route	curr_net	currNet
app.freerouting.interactive.Route	highlight_color	highlightColor
app.freerouting.interactive.Route	highligt_color_intensity	highligtColorIntensity
app.freerouting.interactive.Route	draw_points	drawPoints
app.freerouting.interactive.Route	draw_color	drawColor
app.freerouting.interactive.Route	curr_length_matching_ok	currLengthMatchingOk
app.freerouting.interactive.Route	max_trace_length	maxTraceLength
app.freerouting.interactive.Route	min_trace_length	minTraceLength
app.freerouting.interactive.Route	length_matching_color_intensity	lengthMatchingColorIntensity
app.freerouting.interactive.Route	trace_length_add	traceLengthAdd
app.freerouting.interactive.Route	curr_max_trace_length	currMaxTraceLength
app.freerouting.interactive.Route	curr_min_trace_length	currMinTraceLength
app.freerouting.interactive.Route	incomplete_length	incompleteLength
app.freerouting.interactive.Route	bigger_radius	biggerRadius
app.freerouting.interactive.Route	smaller_radius	smallerRadius
app.freerouting.interactive.Route	ellipse_count	ellipseCount
app.freerouting.interactive.Route	ellipse_arr	ellipseArr
app.freerouting.interactive.Route	bounding_box	boundingBox
app.freerouting.interactive.Route	draw_width	drawWidth
app.freerouting.interactive.Route	add_corner	addCorner
app.freerouting.interactive.Route	new_corner_count	newCornerCount
app.freerouting.interactive.Route	curr_point	currPoint
app.freerouting.interactive.Route	min_dist	minDist
app.freerouting.interactive.Route	nearest_point	nearestPoint
app.freerouting.interactive.Route	nearest_item	nearestItem
app.freerouting.interactive.Route	curr_dist	currDist
app.freerouting.interactive.Route	curr_polyline	currPolyline
app.freerouting.interactive.Route	curr_nearest_point	currNearestPoint
app.freerouting.interactive.Route	curr_area	currArea
app.freerouting.interactive.Route	curr_clearance	currClearance
app.freerouting.interactive.Route	pin_neck_down_distance	pinNeckDownDistance
app.freerouting.interactive.Route	neck_down_halfwidth	neckDownHalfwidth
app.freerouting.interactive.Route	picked_item	pickedItem
app.freerouting.interactive.Route	net_items	netItems
app.freerouting.interactive.RouteState	observers_activated	observersActivated
app.freerouting.interactive.RouteState	routing_target_set	routingTargetSet
app.freerouting.interactive.RouteState	picked_item	pickedItem
app.freerouting.interactive.RouteState	net_count	netCount
app.freerouting.interactive.RouteState	route_net_no_arr	routeNetNoArr
app.freerouting.interactive.RouteState	routing_board	routingBoard
app.freerouting.interactive.RouteState	trace_half_widths	traceHalfWidths
app.freerouting.interactive.RouteState	layer_active_arr	layerActiveArr
app.freerouting.interactive.RouteState	trace_clearance_class	traceClearanceClass
app.freerouting.interactive.RouteState	start_ok	startOk
app.freerouting.interactive.RouteState	picked_corner	pickedCorner
app.freerouting.interactive.RouteState	nearest_point	nearestPoint
app.freerouting.interactive.RouteState	new_trace_half_widths	newTraceHalfWidths
app.freerouting.interactive.RouteState	curr_net	currNet
app.freerouting.interactive.RouteState	is_stitch_route	isStitchRoute
app.freerouting.interactive.RouteState	new_instance	newInstance
app.freerouting.interactive.RouteState	layer_count	layerCount
app.freerouting.interactive.RouteState	net_number_list	netNumberList
app.freerouting.interactive.RouteState	curr_ind	currInd
app.freerouting.interactive.RouteState	curr_return_state	currReturnState
app.freerouting.interactive.RouteState	layer_structure	layerStructure
app.freerouting.interactive.RouteState	new_layer	newLayer
app.freerouting.interactive.RouteState	current_layer_no	currentLayerNo
app.freerouting.interactive.RouteState	route_completed	routeCompleted
app.freerouting.interactive.RouteState	layer_string	layerString
app.freerouting.interactive.RouteState	remove_items	removeItems
app.freerouting.interactive.RouteState	layer_name	layerName
app.freerouting.interactive.RouteState	change_layer_succeeded	changeLayerSucceeded
app.freerouting.interactive.RouteState	connected_to_plane	connectedToPlane
app.freerouting.interactive.RouteState	old_layer	oldLayer
app.freerouting.interactive.RouteState	selection_filter	selectionFilter
app.freerouting.interactive.RouteState	picked_items	pickedItems
app.freerouting.interactive.RouteState	new_via	newVia
app.freerouting.interactive.RouteState	from_layer	fromLayer
app.freerouting.interactive.RouteState	to_layer	toLayer
app.freerouting.interactive.RouteState	shove_failing_layer	shoveFailingLayer
app.freerouting.interactive.ScreenMessages	active_layer_string	activeLayerString
app.freerouting.interactive.ScreenMessages	target_layer_string	targetLayerString
app.freerouting.interactive.ScreenMessages	number_format	numberFormat
app.freerouting.interactive.ScreenMessages	add_field	addField
app.freerouting.interactive.ScreenMessages	status_field	statusField
app.freerouting.interactive.ScreenMessages	layer_field	layerField
app.freerouting.interactive.ScreenMessages	score_field	scoreField
app.freerouting.interactive.ScreenMessages	mouse_position	mousePosition
app.freerouting.interactive.ScreenMessages	unit_label	unitLabel
app.freerouting.interactive.ScreenMessages	prev_target_layer_name	prevTargetLayerName
app.freerouting.interactive.ScreenMessages	write_protected	writeProtected
app.freerouting.interactive.ScreenMessages	items_to_go	itemsToGo
app.freerouting.interactive.ScreenMessages	via_count	viaCount
app.freerouting.interactive.SelectRegionState	previous_corner2	previousCorner2
app.freerouting.interactive.SelectRegionState	sc_corner1	scCorner1
app.freerouting.interactive.SelectRegionState	sc_new_corner2	scNewCorner2
app.freerouting.interactive.SelectRegionState	dirty_rect	dirtyRect
app.freerouting.interactive.SelectRegionState	sc_old_corner2	scOldCorner2
app.freerouting.interactive.SelectRegionState	current_mouse	currentMouse
app.freerouting.interactive.Settings	manual_trace_half_width_arr	manualTraceHalfWidthArr
app.freerouting.interactive.Settings	trace_pull_tight_accuracy	tracePullTightAccuracy
app.freerouting.interactive.Settings	automatic_neckdown	automaticNeckdown
app.freerouting.interactive.Settings	autoroute_settings	autorouteSettings
app.freerouting.interactive.Settings	push_enabled	pushEnabled
app.freerouting.interactive.Settings	drag_components_enabled	dragComponentsEnabled
app.freerouting.interactive.Settings	select_on_all_visible_layers	selectOnAllVisibleLayers
app.freerouting.interactive.Settings	is_stitch_route	isStitchRoute
app.freerouting.interactive.Settings	trace_pull_tight_region_width	tracePullTightRegionWidth
app.freerouting.interactive.Settings	via_snap_to_smd_center	viaSnapToSmdCenter
app.freerouting.interactive.Settings	horizontal_component_grid	horizontalComponentGrid
app.freerouting.interactive.Settings	vertical_component_grid	verticalComponentGrid
app.freerouting.interactive.Settings	manual_rule_selection	manualRuleSelection
app.freerouting.interactive.Settings	hilight_routing_obstacle	hilightRoutingObstacle
app.freerouting.interactive.Settings	manual_trace_clearance_class	manualTraceClearanceClass
app.freerouting.interactive.Settings	manual_via_rule_index	manualViaRuleIndex
app.freerouting.interactive.Settings	zoom_with_wheel	zoomWithWheel
app.freerouting.interactive.Settings	item_selection_filter	itemSelectionFilter
app.freerouting.interactive.Settings	read_only	readOnly
app.freerouting.interactive.StitchRouteState	draw_points	drawPoints
app.freerouting.interactive.StitchRouteState	draw_color	drawColor
app.freerouting.interactive.StitchRouteState	display_width	displayWidth
app.freerouting.interactive.StitchRouteState	clearance_draw_width	clearanceDrawWidth
app.freerouting.interactive.StitchRouteState	radius_with_clearance	radiusWithClearance
app.freerouting.interactive.StitchRouteState	default_net_class	defaultNetClass
app.freerouting.interactive.StitchRouteState	cl_class	clClass
app.freerouting.interactive.for	construction_succeeded	constructionSucceeded
app.freerouting.interactive.for	edge_lines	edgeLines
app.freerouting.interactive.for	prev_corner	prevCorner
app.freerouting.interactive.for	next_corner	nextCorner
app.freerouting.interactive.for	obstacle_shape	obstacleShape
app.freerouting.interactive.for	cl_class	clClass
app.freerouting.interactive.for	corner_arr	cornerArr
app.freerouting.interactive.for	new_length	newLength
app.freerouting.interactive.for	curr_corner	currCorner
app.freerouting.interactive.for	last_corner_side	lastCornerSide
app.freerouting.interactive.for	prev_prev_corner	prevPrevCorner
app.freerouting.interactive.for	second_corner	secondCorner
app.freerouting.interactive.for	new_instance	newInstance
app.freerouting.interactive.for	sc_corner1	scCorner1
app.freerouting.interactive.for	sc_corner2	scCorner2
app.freerouting.io.CoordinateTransform	scale_factor	scaleFactor
app.freerouting.io.CoordinateTransform	base_x	baseX
app.freerouting.io.CoordinateTransform	base_y	baseY
app.freerouting.io.CoordinateTransform	center_coor	centerCoor
app.freerouting.io.specctra.RulesWriter	curr_padstack	currPadstack
app.freerouting.io.specctra.parser.AutorouteSettings	with_autoroute	withAutoroute
app.freerouting.io.specctra.parser.AutorouteSettings	with_postroute	withPostroute
app.freerouting.io.specctra.parser.AutorouteSettings	next_token	nextToken
app.freerouting.io.specctra.parser.AutorouteSettings	prev_token	prevToken
app.freerouting.io.specctra.parser.AutorouteSettings	layer_no	layerNo
app.freerouting.io.specctra.parser.AutorouteSettings	pref_dir_is_horizontal	prefDirIsHorizontal
app.freerouting.io.specctra.parser.AutorouteSettings	via_costs	viaCosts
app.freerouting.io.specctra.parser.AutorouteSettings	ripup_costs	ripupCosts
app.freerouting.io.specctra.parser.AutorouteSettings	curr_layer	currLayer
app.freerouting.io.specctra.parser.AutorouteSettings	trace_costs	traceCosts
app.freerouting.io.specctra.parser.for	new_coor	newCoor
app.freerouting.io.specctra.parser.for	curr_coor	currCoor
app.freerouting.io.specctra.parser.Circuit	next_token	nextToken
app.freerouting.io.specctra.parser.Circuit	min_trace_length	minTraceLength
app.freerouting.io.specctra.parser.Circuit	max_trace_length	maxTraceLength
app.freerouting.io.specctra.parser.Circuit	use_via	useVia
app.freerouting.io.specctra.parser.Circuit	use_layer	useLayer
app.freerouting.io.specctra.parser.Circuit	prev_token	prevToken
app.freerouting.io.specctra.parser.Circuit	length_rule	lengthRule
app.freerouting.io.specctra.parser.Circuit	length_arr	lengthArr
app.freerouting.io.specctra.parser.Circuit	max_length	maxLength
app.freerouting.io.specctra.parser.Circuit	min_length	minLength
app.freerouting.io.specctra.parser.Component	next_token	nextToken
app.freerouting.io.specctra.parser.Component	component_placement	componentPlacement
app.freerouting.io.specctra.parser.Component	prev_token	prevToken
app.freerouting.io.specctra.parser.Component	next_location	nextLocation
app.freerouting.io.specctra.parser.Component	pin_count	pinCount
app.freerouting.io.specctra.parser.Component	package_pin	packagePin
app.freerouting.io.specctra.parser.Component	component_pin	componentPin
app.freerouting.io.specctra.parser.Component	cl_class_name	clClassName
app.freerouting.io.specctra.parser.Component	curr_keepout_arr	currKeepoutArr
app.freerouting.io.specctra.parser.Component	keepout_type	keepoutType
app.freerouting.io.specctra.parser.Component	curr_keepout	currKeepout
app.freerouting.io.specctra.parser.Component	curr_obstacle_area	currObstacleArea
app.freerouting.io.specctra.parser.Component	curr_item	currItem
app.freerouting.io.specctra.parser.Component	curr_area	currArea
app.freerouting.io.specctra.parser.Component	is_front	isFront
app.freerouting.io.specctra.parser.Component	position_fixed	positionFixed
app.freerouting.io.specctra.parser.Component	part_number	partNumber
app.freerouting.io.specctra.parser.Component	curr_pin_info	currPinInfo
app.freerouting.io.specctra.parser.Component	curr_keepout_info	currKeepoutInfo
app.freerouting.io.specctra.parser.ComponentPlacement	lib_name	libName
app.freerouting.io.specctra.parser.ComponentPlacement	is_front	isFront
app.freerouting.io.specctra.parser.ComponentPlacement	position_fixed	positionFixed
app.freerouting.io.specctra.parser.ComponentPlacement	part_number	partNumber
app.freerouting.io.specctra.parser.ComponentPlacement	clearance_class	clearanceClass
app.freerouting.io.specctra.parser.for	board_layer_structure	boardLayerStructure
app.freerouting.io.specctra.parser.for	layer_contains_wires_arr	layerContainsWiresArr
app.freerouting.io.specctra.parser.for	changed_layer_arr	changedLayerArr
app.freerouting.io.specctra.parser.for	conduction_area_list	conductionAreaList
app.freerouting.io.specctra.parser.for	item_list	itemList
app.freerouting.io.specctra.parser.for	curr_layer	currLayer
app.freerouting.io.specctra.parser.for	nothing_changed	nothingChanged
app.freerouting.io.specctra.parser.for	board_outline	boardOutline
app.freerouting.io.specctra.parser.for	board_area	boardArea
app.freerouting.io.specctra.parser.for	curr_piece_arr	currPieceArr
app.freerouting.io.specctra.parser.for	layer_no	layerNo
app.freerouting.io.specctra.parser.for	convex_pieces	convexPieces
app.freerouting.io.specctra.parser.for	curr_area	currArea
app.freerouting.io.specctra.parser.for	curr_net	currNet
app.freerouting.io.specctra.parser.for	next_token	nextToken
app.freerouting.io.specctra.parser.Layer	is_signal	isSignal
app.freerouting.io.specctra.parser.Layer	net_names	netNames
app.freerouting.io.specctra.parser.Layer	board_layer	boardLayer
app.freerouting.io.specctra.parser.LayerStructure	board_layer	boardLayer
app.freerouting.io.specctra.parser.for	first_layer_no	firstLayerNo
app.freerouting.io.specctra.parser.for	last_layer_no	lastLayerNo
app.freerouting.io.specctra.parser.for	curr_board_shape	currBoardShape
app.freerouting.io.specctra.parser.for	board_layer	boardLayer
app.freerouting.io.specctra.parser.for	curr_shape	currShape
app.freerouting.io.specctra.parser.for	padstack_name	padstackName
app.freerouting.io.specctra.parser.for	is_drilllable	isDrilllable
app.freerouting.io.specctra.parser.for	placed_absolute	placedAbsolute
app.freerouting.io.specctra.parser.for	shape_list	shapeList
app.freerouting.io.specctra.parser.for	prev_token	prevToken
app.freerouting.io.specctra.parser.for	curr_next_token	currNextToken
app.freerouting.io.specctra.parser.for	padstack_shapes	padstackShapes
app.freerouting.io.specctra.parser.for	convex_shape	convexShape
app.freerouting.io.specctra.parser.for	convex_shapes	convexShapes
app.freerouting.io.specctra.parser.for	padstack_shape	padstackShape
app.freerouting.io.specctra.parser.for	shape_layer	shapeLayer
app.freerouting.io.specctra.parser.for	package_list	packageList
app.freerouting.io.specctra.parser.for	curr_package	currPackage
app.freerouting.io.specctra.parser.for	pin_arr	pinArr
app.freerouting.io.specctra.parser.for	pin_info	pinInfo
app.freerouting.io.specctra.parser.for	rel_x	relX
app.freerouting.io.specctra.parser.for	rel_y	relY
app.freerouting.io.specctra.parser.for	rel_coor	relCoor
app.freerouting.io.specctra.parser.for	board_padstack	boardPadstack
app.freerouting.io.specctra.parser.for	outline_arr	outlineArr
app.freerouting.io.specctra.parser.for	outline_widths	outlineWidths
app.freerouting.io.specctra.parser.for	outline_is_closed	outlineIsClosed
app.freerouting.io.specctra.parser.for	keepout_arr	keepoutArr
app.freerouting.io.specctra.parser.for	curr_keepout	currKeepout
app.freerouting.io.specctra.parser.for	via_keepout_arr	viaKeepoutArr
app.freerouting.io.specctra.parser.for	place_keepout_arr	placeKeepoutArr
app.freerouting.io.specctra.parser.for	all_names_existing	allNamesExisting
app.freerouting.io.specctra.parser.for	curr_name_index	currNameIndex
app.freerouting.io.specctra.parser.for	pin_list	pinList
app.freerouting.io.specctra.parser.for	subnet_number	subnetNumber
app.freerouting.io.specctra.parser.for	curr_component	currComponent
app.freerouting.io.specctra.parser.for	lib_pin	libPin
app.freerouting.io.specctra.parser.for	component_name	componentName
app.freerouting.io.specctra.parser.for	pin_name	pinName
app.freerouting.io.specctra.parser.scope	trace_clearance_class	traceClearanceClass
app.freerouting.io.specctra.parser.scope	net_list	netList
app.freerouting.io.specctra.parser.scope	layer_rules	layerRules
app.freerouting.io.specctra.parser.scope	use_via	useVia
app.freerouting.io.specctra.parser.scope	use_layer	useLayer
app.freerouting.io.specctra.parser.scope	via_rule	viaRule
app.freerouting.io.specctra.parser.scope	shove_fixed	shoveFixed
app.freerouting.io.specctra.parser.scope	pull_tight	pullTight
app.freerouting.io.specctra.parser.scope	min_trace_length	minTraceLength
app.freerouting.io.specctra.parser.scope	max_trace_length	maxTraceLength
app.freerouting.io.specctra.parser.scope	class_name	className
app.freerouting.io.specctra.parser.scope	rules_missing	rulesMissing
app.freerouting.io.specctra.parser.scope	next_token	nextToken
app.freerouting.io.specctra.parser.scope	prev_token	prevToken
app.freerouting.io.specctra.parser.scope	curr_rule	currRule
app.freerouting.io.specctra.parser.scope	class_names	classNames
app.freerouting.io.specctra.parser.NetList	search_pin	searchPin
app.freerouting.io.specctra.parser.NetList	net_list	netList
app.freerouting.io.specctra.parser.NetList	net_pins	netPins
app.freerouting.io.specctra.parser.for	board_pins	boardPins
app.freerouting.io.specctra.parser.for	curr_via	currVia
app.freerouting.io.specctra.parser.for	nets_per_row	netsPerRow
app.freerouting.io.specctra.parser.for	net_counter	netCounter
app.freerouting.io.specctra.parser.for	min_trace_length	minTraceLength
app.freerouting.io.specctra.parser.for	max_trace_length	maxTraceLength
app.freerouting.io.specctra.parser.for	layer_count	layerCount
app.freerouting.io.specctra.parser.for	transformed_max_length	transformedMaxLength
app.freerouting.io.specctra.parser.for	transformed_min_length	transformedMinLength
app.freerouting.io.specctra.parser.for	prev_pin	prevPin
app.freerouting.io.specctra.parser.for	next_pin	nextPin
app.freerouting.io.specctra.parser.for	curr_subnet_pin_list	currSubnetPinList
app.freerouting.io.specctra.parser.for	curr_entry	currEntry
app.freerouting.io.specctra.parser.for	via_padstack	viaPadstack
app.freerouting.io.specctra.parser.for	clearance_class	clearanceClass
app.freerouting.io.specctra.parser.for	attach_allowed	attachAllowed
app.freerouting.io.specctra.parser.for	cl_class	clClass
app.freerouting.io.specctra.parser.for	is_default_class	isDefaultClass
app.freerouting.io.specctra.parser.for	curr_padstack	currPadstack
app.freerouting.io.specctra.parser.for	via_name	viaName
app.freerouting.io.specctra.parser.for	found_via_info	foundViaInfo
app.freerouting.io.specctra.parser.for	rule_found	ruleFound
app.freerouting.io.specctra.parser.for	rule_name	ruleName
app.freerouting.io.specctra.parser.for	existing_rule	existingRule
app.freerouting.io.specctra.parser.for	curr_rule	currRule
app.freerouting.io.specctra.parser.for	rule_ok	ruleOk
app.freerouting.io.specctra.parser.for	routing_board	routingBoard
app.freerouting.io.specctra.parser.for	board_net_class	boardNetClass
app.freerouting.io.specctra.parser.for	trace_clearance_class	traceClearanceClass
app.freerouting.io.specctra.parser.for	via_rule	viaRule
app.freerouting.io.specctra.parser.for	curr_net_list	currNetList
app.freerouting.io.specctra.parser.for	clearance_rule_found	clearanceRuleFound
app.freerouting.io.specctra.parser.for	trace_halfwidth	traceHalfwidth
app.freerouting.io.specctra.parser.for	via_infos_created	viaInfosCreated
app.freerouting.io.specctra.parser.for	first_name	firstName
app.freerouting.io.specctra.parser.for	first_class	firstClass
app.freerouting.io.specctra.parser.for	second_name	secondName
app.freerouting.io.specctra.parser.for	second_class	secondClass
app.freerouting.io.specctra.parser.for	curr_clearance	currClearance
app.freerouting.io.specctra.parser.for	first_class_name	firstClassName
app.freerouting.io.specctra.parser.for	first_class_no	firstClassNo
app.freerouting.io.specctra.parser.for	second_class_name	secondClassName
app.freerouting.io.specctra.parser.for	second_class_no	secondClassNo
app.freerouting.io.specctra.parser.for	curr_pair	currPair
app.freerouting.io.specctra.parser.for	curr_first_class_no	currFirstClassNo
app.freerouting.io.specctra.parser.for	curr_second_class_no	currSecondClassNo
app.freerouting.io.specctra.parser.for	new_via_rule	newViaRule
app.freerouting.io.specctra.parser.for	default_via_cl_class	defaultViaClClass
app.freerouting.io.specctra.parser.for	curr_via_info	currViaInfo
app.freerouting.io.specctra.parser.for	curr_no	currNo
app.freerouting.io.specctra.parser.for	class_name	className
app.freerouting.io.specctra.parser.for	class_no	classNo
app.freerouting.io.specctra.parser.for	curr_value	currValue
app.freerouting.io.specctra.parser.for	net_class_name	netClassName
app.freerouting.io.specctra.parser.for	new_class_name	newClassName
app.freerouting.io.specctra.parser.for	found_class_no	foundClassNo
app.freerouting.io.specctra.parser.for	net_class_no	netClassNo
app.freerouting.io.specctra.parser.for	lib_package	libPackage
app.freerouting.io.specctra.parser.for	board_part_pins	boardPartPins
app.freerouting.io.specctra.parser.for	curr_index	currIndex
app.freerouting.io.specctra.parser.for	pin_no	pinNo
app.freerouting.io.specctra.parser.for	curr_logical_part	currLogicalPart
app.freerouting.io.specctra.parser.for	curr_front_package	currFrontPackage
app.freerouting.io.specctra.parser.for	curr_back_package	currBackPackage
app.freerouting.io.specctra.parser.for	component_location	componentLocation
app.freerouting.io.specctra.parser.for	rotation_in_degree	rotationInDegree
app.freerouting.io.specctra.parser.for	new_component	newComponent
app.freerouting.io.specctra.parser.for	component_translation	componentTranslation
app.freerouting.io.specctra.parser.for	fixed_state	fixedState
app.freerouting.io.specctra.parser.for	curr_pin	currPin
app.freerouting.io.specctra.parser.for	pin_nets	pinNets
app.freerouting.io.specctra.parser.for	net_numbers	netNumbers
app.freerouting.io.specctra.parser.for	curr_board_net	currBoardNet
app.freerouting.io.specctra.parser.for	net_no_arr	netNoArr
app.freerouting.io.specctra.parser.for	net_index	netIndex
app.freerouting.io.specctra.parser.for	net_class	netClass
app.freerouting.io.specctra.parser.for	board_net	boardNet
app.freerouting.io.specctra.parser.for	keepout_info	keepoutInfo
app.freerouting.io.specctra.parser.for	curr_clearance_class	currClearanceClass
app.freerouting.io.specctra.parser.for	courtyard_idx	courtyardIdx
app.freerouting.io.specctra.parser.for	max_area	maxArea
app.freerouting.io.specctra.parser.for	is_courtyard	isCourtyard
app.freerouting.io.specctra.parser.for	is_fabrication	isFabrication
app.freerouting.io.specctra.parser.for	is_closed	isClosed
app.freerouting.io.specctra.parser.for	class_class_list	classClassList
app.freerouting.io.specctra.parser.for	via_infos	viaInfos
app.freerouting.io.specctra.parser.for	via_rules	viaRules
app.freerouting.io.specctra.parser.for	curr_via_rule	currViaRule
app.freerouting.io.specctra.parser.for	curr_class	currClass
app.freerouting.io.specctra.parser.for	curr_class_class	currClassClass
app.freerouting.io.specctra.parser.for	via_padstacks	viaPadstacks
app.freerouting.io.specctra.parser.for	found_padstack_count	foundPadstackCount
app.freerouting.io.specctra.parser.for	curr_padstack_name	currPadstackName
app.freerouting.io.specctra.parser.for	corrected_padstacks	correctedPadstacks
app.freerouting.io.specctra.parser.for	net_name	netName
app.freerouting.io.specctra.parser.for	scope_is_empty	scopeIsEmpty
app.freerouting.io.specctra.parser.for	pin_order_found	pinOrderFound
app.freerouting.io.specctra.parser.for	net_rules	netRules
app.freerouting.io.specctra.parser.for	subnet_pin_lists	subnetPinLists
app.freerouting.io.specctra.parser.for	net_id	netId
app.freerouting.io.specctra.parser.for	new_net	newNet
app.freerouting.io.specctra.parser.for	contains_plane	containsPlane
app.freerouting.io.specctra.parser.for	curr_subnet	currSubnet
app.freerouting.io.specctra.parser.for	default_net_rule	defaultNetRule
app.freerouting.io.specctra.parser.for	wire_width	wireWidth
app.freerouting.io.specctra.parser.for	net_rule	netRule
app.freerouting.io.specctra.parser.for	pin_info_arr	pinInfoArr
app.freerouting.io.specctra.parser.for	via_keepouts	viaKeepouts
app.freerouting.io.specctra.parser.for	place_keepouts	placeKeepouts
app.freerouting.io.specctra.parser.for	is_front	isFront
app.freerouting.io.specctra.parser.for	pin_info_list	pinInfoList
app.freerouting.io.specctra.parser.for	keepout_area	keepoutArea
app.freerouting.io.specctra.parser.for	curr_outline	currOutline
app.freerouting.io.specctra.parser.for	keepout_layer	keepoutLayer
app.freerouting.io.specctra.parser.for	boundary_shape	boundaryShape
app.freerouting.io.specctra.parser.for	dsn_shape	dsnShape
app.freerouting.io.specctra.parser.for	dsn_hole	dsnHole
app.freerouting.io.specctra.parser.for	pin_coor	pinCoor
app.freerouting.io.specctra.parser.for	next_string	nextString
app.freerouting.io.specctra.parser.for	board_items	boardItems
app.freerouting.io.specctra.parser.for	component_found	componentFound
app.freerouting.io.specctra.parser.for	undeleted_item_found	undeletedItemFound
app.freerouting.io.specctra.parser.for	resolution_value	resolutionValue
app.freerouting.io.specctra.parser.for	positive_int	positiveInt
app.freerouting.io.specctra.parser.for	read_ok	readOk
app.freerouting.io.specctra.parser.for	quote_char	quoteChar
app.freerouting.io.specctra.parser.for	curr_constant	currConstant
app.freerouting.io.specctra.parser.PartLibrary	logical_parts	logicalParts
app.freerouting.io.specctra.parser.PartLibrary	curr_part	currPart
app.freerouting.io.specctra.parser.PartLibrary	curr_component	currComponent
app.freerouting.io.specctra.parser.PartLibrary	curr_pin	currPin
app.freerouting.io.specctra.parser.PartLibrary	gate_swap_code	gateSwapCode
app.freerouting.io.specctra.parser.PartLibrary	gate_pin_swap_code	gatePinSwapCode
app.freerouting.io.specctra.parser.PartLibrary	next_token	nextToken
app.freerouting.io.specctra.parser.PartLibrary	prev_token	prevToken
app.freerouting.io.specctra.parser.PartLibrary	next_mapping	nextMapping
app.freerouting.io.specctra.parser.PartLibrary	next_part	nextPart
app.freerouting.io.specctra.parser.PartLibrary	part_pins	partPins
app.freerouting.io.specctra.parser.PartLibrary	read_ok	readOk
app.freerouting.io.specctra.parser.PartLibrary	curr_part_pin	currPartPin
app.freerouting.io.specctra.parser.PartLibrary	pin_name	pinName
app.freerouting.io.specctra.parser.PartLibrary	gate_name	gateName
app.freerouting.io.specctra.parser.PartLibrary	gate_pin_name	gatePinName
app.freerouting.io.specctra.parser.for	coordinate_arr	coordinateArr
app.freerouting.io.specctra.parser.for	flip_style_rotate_first	flipStyleRotateFirst
app.freerouting.io.specctra.parser.for	net_count	netCount
app.freerouting.io.specctra.parser.for	plane_layer	planeLayer
app.freerouting.io.specctra.parser.for	skip_window_scopes	skipWindowScopes
app.freerouting.io.specctra.parser.for	conduction_area	conductionArea
app.freerouting.io.specctra.parser.for	plane_info	planeInfo
app.freerouting.io.specctra.parser.Polygon	corner_arr	cornerArr
app.freerouting.io.specctra.parser.Polygon	curr_point	currPoint
app.freerouting.io.specctra.parser.Polygon	curr_x	currX
app.freerouting.io.specctra.parser.Polygon	curr_y	currY
app.freerouting.io.specctra.parser.Polygon	corner_count	cornerCount
app.freerouting.io.specctra.parser.Polygon	curr_coor	currCoor
app.freerouting.io.specctra.parser.for	corner_count	cornerCount
app.freerouting.io.specctra.parser.for	corner_arr	cornerArr
app.freerouting.io.specctra.parser.for	curr_point	currPoint
app.freerouting.io.specctra.parser.for	bounding_oct	boundingOct
app.freerouting.io.specctra.parser.for	rounded_corner_arr	roundedCornerArr
app.freerouting.io.specctra.parser.PolylinePath	line_count	lineCount
app.freerouting.io.specctra.parser.PolylinePath	curr_coor	currCoor
app.freerouting.io.specctra.parser.that	board_handling	boardHandling
app.freerouting.io.specctra.parser.that	item_id_no_generator	itemIdNoGenerator
app.freerouting.io.specctra.parser.that	plane_list	planeList
app.freerouting.io.specctra.parser.that	placement_list	placementList
app.freerouting.io.specctra.parser.that	via_padstack_names	viaPadstackNames
app.freerouting.io.specctra.parser.that	via_at_smd_allowed	viaAtSmdAllowed
app.freerouting.io.specctra.parser.that	snap_angle	snapAngle
app.freerouting.io.specctra.parser.that	logical_part_mappings	logicalPartMappings
app.freerouting.io.specctra.parser.that	logical_parts	logicalParts
app.freerouting.io.specctra.parser.that	string_quote	stringQuote
app.freerouting.io.specctra.parser.that	host_cad	hostCad
app.freerouting.io.specctra.parser.that	host_version	hostVersion
app.freerouting.io.specctra.parser.that	dsn_file_generated_by_host	dsnFileGeneratedByHost
app.freerouting.io.specctra.parser.that	board_outline_ok	boardOutlineOk
app.freerouting.io.specctra.parser.that	write_resolution	writeResolution
app.freerouting.io.specctra.parser.that	coordinate_transform	coordinateTransform
app.freerouting.io.specctra.parser.that	layer_structure	layerStructure
app.freerouting.io.specctra.parser.that	autoroute_settings	autorouteSettings
app.freerouting.io.specctra.parser.that	net_name	netName
app.freerouting.io.specctra.parser.Rectangle	result_coor	resultCoor
app.freerouting.io.specctra.parser.Rectangle	box_coor	boxCoor
app.freerouting.io.specctra.parser.Rectangle	curr_point	currPoint
app.freerouting.io.specctra.parser.Rectangle	lower_left	lowerLeft
app.freerouting.io.specctra.parser.Rectangle	upper_right	upperRight
app.freerouting.io.specctra.parser.Rectangle	curr_coor	currCoor
app.freerouting.io.specctra.parser.for	current_token	currentToken
app.freerouting.io.specctra.parser.for	layer_names	layerNames
app.freerouting.io.specctra.parser.for	rule_list	ruleList
app.freerouting.io.specctra.parser.for	default_trace_half_width	defaultTraceHalfWidth
app.freerouting.io.specctra.parser.for	trace_width	traceWidth
app.freerouting.io.specctra.parser.for	curr_board_layer	currBoardLayer
app.freerouting.io.specctra.parser.for	curr_trace_half_width	currTraceHalfWidth
app.freerouting.io.specctra.parser.for	default_cl_no	defaultClNo
app.freerouting.io.specctra.parser.for	default_board_clearance	defaultBoardClearance
app.freerouting.io.specctra.parser.for	default_clearance	defaultClearance
app.freerouting.io.specctra.parser.for	smd_to_turn_dist	smdToTurnDist
app.freerouting.io.specctra.parser.for	cl_matrix	clMatrix
app.freerouting.io.specctra.parser.for	cl_count	clCount
app.freerouting.io.specctra.parser.for	curr_board_clearance	currBoardClearance
app.freerouting.io.specctra.parser.for	class_pairs	classPairs
app.freerouting.io.specctra.parser.for	clearance_class_pairs	clearanceClassPairs
app.freerouting.io.specctra.parser.ScopeKeyword	open_bracked_count	openBrackedCount
app.freerouting.io.specctra.parser.ScopeKeyword	curr_token	currToken
app.freerouting.io.specctra.parser.ScopeKeyword	next_token	nextToken
app.freerouting.io.specctra.parser.ScopeKeyword	prev_token	prevToken
app.freerouting.io.specctra.parser.ScopeKeyword	next_scope	nextScope
app.freerouting.io.specctra.parser.SessionToEagle	out_file	outFile
app.freerouting.io.specctra.parser.SessionToEagle	specctra_layer_structure	specctraLayerStructure
app.freerouting.io.specctra.parser.SessionToEagle	session_file_scale_denominator	sessionFileScaleDenominator
app.freerouting.io.specctra.parser.SessionToEagle	board_scale_factor	boardScaleFactor
app.freerouting.io.specctra.parser.SessionToEagle	file_writer	fileWriter
app.freerouting.io.specctra.parser.SessionToEagle	new_instance	newInstance
app.freerouting.io.specctra.parser.SessionToEagle	next_token	nextToken
app.freerouting.io.specctra.parser.SessionToEagle	keyword_ok	keywordOk
app.freerouting.io.specctra.parser.SessionToEagle	board_bounding_box	boardBoundingBox
app.freerouting.io.specctra.parser.SessionToEagle	min_x	minX
app.freerouting.io.specctra.parser.SessionToEagle	min_y	minY
app.freerouting.io.specctra.parser.SessionToEagle	max_x	maxX
app.freerouting.io.specctra.parser.SessionToEagle	max_y	maxY
app.freerouting.io.specctra.parser.SessionToEagle	prev_token	prevToken
app.freerouting.io.specctra.parser.SessionToEagle	component_placement	componentPlacement
app.freerouting.io.specctra.parser.SessionToEagle	rotation_string	rotationString
app.freerouting.io.specctra.parser.SessionToEagle	x_coor	xCoor
app.freerouting.io.specctra.parser.SessionToEagle	y_coor	yCoor
app.freerouting.io.specctra.parser.SessionToEagle	wire_path	wirePath
app.freerouting.io.specctra.parser.SessionToEagle	wire_width	wireWidth
app.freerouting.io.specctra.parser.SessionToEagle	wire_coor	wireCoor
app.freerouting.io.specctra.parser.SessionToEagle	via_padstack	viaPadstack
app.freerouting.io.specctra.parser.SessionToEagle	via_shape	viaShape
app.freerouting.io.specctra.parser.SessionToEagle	via_diameter	viaDiameter
app.freerouting.io.specctra.parser.SessionToEagle	name_parts	nameParts
app.freerouting.io.specctra.parser.SessionToEagle	name_pieces	namePieces
app.freerouting.io.specctra.parser.SessionToEagle	component_pins	componentPins
app.freerouting.io.specctra.parser.SessionToEagle	component_has_swapped_pins	componentHasSwappedPins
app.freerouting.io.specctra.parser.SessionToEagle	pin_info_arr	pinInfoArr
app.freerouting.io.specctra.parser.SessionToEagle	curr_pin_info	currPinInfo
app.freerouting.io.specctra.parser.SessionToEagle	other_pin_info	otherPinInfo
app.freerouting.io.specctra.parser.SessionToEagle	layer_no	layerNo
app.freerouting.io.specctra.parser.SessionToEagle	layer_name	layerName
app.freerouting.io.specctra.parser.SessionToEagle	location_1	location1
app.freerouting.io.specctra.parser.SessionToEagle	location_2	location2
app.freerouting.io.specctra.parser.SessionToEagle	curr_coor	currCoor
app.freerouting.io.specctra.parser.SessionToEagle	curr_changed_to	currChangedTo
app.freerouting.io.specctra.parser.Shape	next_token	nextToken
app.freerouting.io.specctra.parser.Shape	layer_no	layerNo
app.freerouting.io.specctra.parser.Shape	layer_name	layerName
app.freerouting.io.specctra.parser.Shape	corner_list	cornerList
app.freerouting.io.specctra.parser.Shape	next_object	nextObject
app.freerouting.io.specctra.parser.Shape	corner_arr	cornerArr
app.freerouting.io.specctra.parser.Shape	shape_list	shapeList
app.freerouting.io.specctra.parser.Shape	clearance_class_name	clearanceClassName
app.freerouting.io.specctra.parser.Shape	area_name	areaName
app.freerouting.io.specctra.parser.Shape	result_ok	resultOk
app.freerouting.io.specctra.parser.Shape	curr_shape	currShape
app.freerouting.io.specctra.parser.Shape	prev_token	prevToken
app.freerouting.io.specctra.parser.Shape	hole_shape	holeShape
app.freerouting.io.specctra.parser.Shape	rect_layer	rectLayer
app.freerouting.io.specctra.parser.Shape	rect_coor	rectCoor
app.freerouting.io.specctra.parser.Shape	polygon_layer	polygonLayer
app.freerouting.io.specctra.parser.Shape	layer_ok	layerOk
app.freerouting.io.specctra.parser.Shape	coor_list	coorList
app.freerouting.io.specctra.parser.Shape	coor_arr	coorArr
app.freerouting.io.specctra.parser.Shape	circle_layer	circleLayer
app.freerouting.io.specctra.parser.Shape	circle_coor	circleCoor
app.freerouting.io.specctra.parser.Shape	curr_index	currIndex
app.freerouting.io.specctra.parser.Shape	coordinate_arr	coordinateArr
app.freerouting.io.specctra.parser.Shape	hole_count	holeCount
app.freerouting.io.specctra.parser.Shape	boundary_shape	boundaryShape
app.freerouting.io.specctra.parser.is	scope_identifier	scopeIdentifier
app.freerouting.io.specctra.parser.is	first_string	firstString
app.freerouting.io.specctra.parser.is	next_string	nextString
app.freerouting.io.specctra.parser.is	next_token	nextToken
app.freerouting.io.specctra.parser.for	curr_ob	currOb
app.freerouting.io.specctra.parser.for	rect_coor	rectCoor
app.freerouting.io.specctra.parser.for	bounding_rectangle	boundingRectangle
app.freerouting.io.specctra.parser.for	outline_shape	outlineShape
app.freerouting.io.specctra.parser.for	write_layer_rule	writeLayerRule
app.freerouting.io.specctra.parser.for	via_at_smd_allowed	viaAtSmdAllowed
app.freerouting.io.specctra.parser.for	clearance_name	clearanceName
app.freerouting.io.specctra.parser.for	additional_shape	additionalShape
app.freerouting.io.specctra.parser.for	layer_ok	layerOk
app.freerouting.io.specctra.parser.for	is_signal	isSignal
app.freerouting.io.specctra.parser.for	layer_string	layerString
app.freerouting.io.specctra.parser.for	net_names	netNames
app.freerouting.io.specctra.parser.for	curr_rules	currRules
app.freerouting.io.specctra.parser.for	normal_vias	normalVias
app.freerouting.io.specctra.parser.for	spare_vias	spareVias
app.freerouting.io.specctra.parser.for	snap_angle	snapAngle
app.freerouting.io.specctra.parser.for	conduction_areas	conductionAreas
app.freerouting.io.specctra.parser.for	conduction_area_found	conductionAreaFound
app.freerouting.io.specctra.parser.for	curr_net_name	currNetName
app.freerouting.io.specctra.parser.for	curr_net_id	currNetId
app.freerouting.io.specctra.parser.for	shape_arr	shapeArr
app.freerouting.io.specctra.parser.for	other_shape	otherShape
app.freerouting.io.specctra.parser.for	hole_list	holeList
app.freerouting.io.specctra.parser.for	smd_to_turn_gap_found	smdToTurnGapFound
app.freerouting.io.specctra.parser.for	default_net_class	defaultNetClass
app.freerouting.io.specctra.parser.for	clearance_class_no	clearanceClassNo
app.freerouting.io.specctra.parser.for	board_construction_info	boardConstructionInfo
app.freerouting.io.specctra.parser.for	keepout_list	keepoutList
app.freerouting.io.specctra.parser.for	via_keepout_list	viaKeepoutList
app.freerouting.io.specctra.parser.for	place_keepout_list	placeKeepoutList
app.freerouting.io.specctra.parser.for	plane_area	planeArea
app.freerouting.io.specctra.parser.for	bounding_box	boundingBox
app.freerouting.io.specctra.parser.for	board_layer_arr	boardLayerArr
app.freerouting.io.specctra.parser.for	scale_factor	scaleFactor
app.freerouting.io.specctra.parser.for	max_coor	maxCoor
app.freerouting.io.specctra.parser.for	board_outline_shapes	boardOutlineShapes
app.freerouting.io.specctra.parser.for	hole_shapes	holeShapes
app.freerouting.io.specctra.parser.for	clearance_matrix	clearanceMatrix
app.freerouting.io.specctra.parser.for	board_rules	boardRules
app.freerouting.io.specctra.parser.for	specctra_parser_info	specctraParserInfo
app.freerouting.io.specctra.parser.for	board_communication	boardCommunication
app.freerouting.io.specctra.parser.for	outline_shape_arr	outlineShapeArr
app.freerouting.io.specctra.parser.for	layer_info	layerInfo
app.freerouting.io.specctra.parser.for	bounding_shape	boundingShape
app.freerouting.io.specctra.parser.for	outline_shapes	outlineShapes
app.freerouting.io.specctra.parser.for	outline_clearance_class_name	outlineClearanceClassName
app.freerouting.io.specctra.parser.for	found_layer_count	foundLayerCount
app.freerouting.io.specctra.parser.for	default_rules	defaultRules
app.freerouting.io.specctra.parser.for	layer_dependent_rules	layerDependentRules
app.freerouting.io.specctra.parser.for	layer_name	layerName
app.freerouting.io.specctra.parser.for	is_hole	isHole
app.freerouting.io.specctra.parser.for	curr_corner	currCorner
app.freerouting.io.specctra.parser.for	is_contained	isContained
app.freerouting.io.specctra.parser.for	board_wires	boardWires
app.freerouting.io.specctra.parser.for	board_vias	boardVias
app.freerouting.io.specctra.parser.for	via_location	viaLocation
app.freerouting.io.specctra.parser.for	via_coor	viaCoor
app.freerouting.io.specctra.parser.for	net_no	netNo
app.freerouting.io.specctra.parser.for	via_net	viaNet
app.freerouting.io.specctra.parser.for	wire_net	wireNet
app.freerouting.io.specctra.parser.for	float_corner_arr	floatCornerArr
app.freerouting.io.specctra.parser.for	curr_path	currPath
app.freerouting.io.specctra.parser.for	conduction_layer	conductionLayer
app.freerouting.io.specctra.parser.for	found_nets	foundNets
app.freerouting.io.specctra.parser.for	found_net	foundNet
app.freerouting.io.specctra.parser.for	from_layer	fromLayer
app.freerouting.io.specctra.parser.for	to_layer	toLayer
app.freerouting.io.specctra.parser.for	picked_items	pickedItems
app.freerouting.io.specctra.parser.for	clearance_class_name	clearanceClassName
app.freerouting.io.specctra.parser.for	border_shape	borderShape
app.freerouting.io.specctra.parser.for	hole_shape	holeShape
app.freerouting.io.specctra.parser.for	half_width	halfWidth
app.freerouting.io.specctra.parser.for	trace_polyline	tracePolyline
app.freerouting.io.specctra.parser.for	line_arr	lineArr
app.freerouting.io.specctra.parser.for	curr_a	currA
app.freerouting.io.specctra.parser.for	curr_b	currB
app.freerouting.io.specctra.parser.for	corrected_net_no	correctedNetNo
app.freerouting.io.specctra.parser.for	board_location	boardLocation
app.freerouting.io.specctra.parser.WriteScopeParameter	autoroute_settings	autorouteSettings
app.freerouting.io.specctra.parser.WriteScopeParameter	coordinate_transform	coordinateTransform
app.freerouting.io.specctra.parser.WriteScopeParameter	compat_mode	compatMode
app.freerouting.io.specctra.parser.WriteScopeParameter	identifier_type	identifierType
app.freerouting.io.specctra.parser.WriteScopeParameter	reserved_chars	reservedChars
app.freerouting.management.provides	autorouter_listener	autorouterListener
app.freerouting.management.provides	outline_cl_class_no	outlineClClassNo
app.freerouting.management.RoutingJobSchedulerActionThread	MAX_TIMEOUT	maxTIMEOUT
app.freerouting.management.RoutingJobSchedulerActionThread	GRACE_PERIOD	gracePERIOD
app.freerouting.management.analytics.BigQueryClient	LIBRARY_NAME	libraryNAME
app.freerouting.management.analytics.BigQueryClient	LIBRARY_VERSION	libraryVERSION
app.freerouting.management.analytics.FreeroutingAnalyticsClient	WRITE_KEY	writeKEY
app.freerouting.management.analytics.FreeroutingAnalyticsClient	LIBRARY_NAME	libraryNAME
app.freerouting.management.analytics.FreeroutingAnalyticsClient	LIBRARY_VERSION	libraryVERSION
app.freerouting.management.analytics.SegmentClient	WRITE_KEY	writeKEY
app.freerouting.management.analytics.SegmentClient	LIBRARY_NAME	libraryNAME
app.freerouting.management.analytics.SegmentClient	LIBRARY_VERSION	libraryVERSION
app.freerouting.rules.BoardRules	clearance_matrix	clearanceMatrix
app.freerouting.rules.BoardRules	via_infos	viaInfos
app.freerouting.rules.BoardRules	via_rules	viaRules
app.freerouting.rules.BoardRules	net_classes	netClasses
app.freerouting.rules.BoardRules	layer_structure	layerStructure
app.freerouting.rules.BoardRules	trace_angle_restriction	traceAngleRestriction
app.freerouting.rules.BoardRules	ignore_conduction	ignoreConduction
app.freerouting.rules.BoardRules	min_trace_half_width	minTraceHalfWidth
app.freerouting.rules.BoardRules	max_trace_half_width	maxTraceHalfWidth
app.freerouting.rules.BoardRules	pin_edge_to_turn_dist	pinEdgeToTurnDist
app.freerouting.rules.BoardRules	use_slow_autoroute_algorithm	useSlowAutorouteAlgorithm
app.freerouting.rules.BoardRules	hole_clearance	holeClearance
app.freerouting.rules.BoardRules	curr_net	currNet
app.freerouting.rules.BoardRules	compare_width	compareWidth
app.freerouting.rules.BoardRules	default_rule	defaultRule
app.freerouting.rules.BoardRules	default_via_cl_class	defaultViaClClass
app.freerouting.rules.BoardRules	curr_via_info	currViaInfo
app.freerouting.rules.BoardRules	curr_padstack	currPadstack
app.freerouting.rules.BoardRules	curr_from_layer	currFromLayer
app.freerouting.rules.BoardRules	curr_to_layer	currToLayer
app.freerouting.rules.BoardRules	existing_via	existingVia
app.freerouting.rules.BoardRules	new_shape	newShape
app.freerouting.rules.BoardRules	existing_shape	existingShape
app.freerouting.rules.BoardRules	default_net_class	defaultNetClass
app.freerouting.rules.BoardRules	default_trace_half_width	defaultTraceHalfWidth
app.freerouting.rules.BoardRules	new_class	newClass
app.freerouting.rules.BoardRules	default_class	defaultClass
app.freerouting.rules.BoardRules	found_class	foundClass
app.freerouting.rules.BoardRules	curr_rule	currRule
app.freerouting.rules.BoardRules	curr_net_class	currNetClass
app.freerouting.rules.BoardRules	curr_via	currVia
app.freerouting.rules.BoardRules	curr_class_no	currClassNo
app.freerouting.rules.BoardRules	default_via_rule	defaultViaRule
app.freerouting.rules.BoardRules	via_padstack	viaPadstack
app.freerouting.rules.BoardRules	curr_shape	currShape
app.freerouting.rules.BoardRules	snap_angle_no	snapAngleNo
app.freerouting.rules.ClearanceMatrix	layer_structure	layerStructure
app.freerouting.rules.ClearanceMatrix	max_value_on_layer	maxValueOnLayer
app.freerouting.rules.ClearanceMatrix	class_count	classCount
app.freerouting.rules.ClearanceMatrix	name_arr	nameArr
app.freerouting.rules.ClearanceMatrix	curr_row	currRow
app.freerouting.rules.ClearanceMatrix	curr_entry	currEntry
app.freerouting.rules.ClearanceMatrix	value_from_the_matrix	valueFromTheMatrix
app.freerouting.rules.ClearanceMatrix	final_value	finalValue
app.freerouting.rules.ClearanceMatrix	compare_value	compareValue
app.freerouting.rules.ClearanceMatrix	old_class_count	oldClassCount
app.freerouting.rules.ClearanceMatrix	new_row	newRow
app.freerouting.rules.ClearanceMatrix	curr_old_row	currOldRow
app.freerouting.rules.ClearanceMatrix	curr_new_row	currNewRow
app.freerouting.rules.ClearanceMatrix	default_value	defaultValue
app.freerouting.rules.ClearanceMatrix	new_row_index	newRowIndex
app.freerouting.rules.ClearanceMatrix	new_column_index	newColumnIndex
app.freerouting.rules.ClearanceMatrix	row_1	row1
app.freerouting.rules.ClearanceMatrix	row_2	row2
app.freerouting.rules.ClearanceMatrix	max_value	maxValue
app.freerouting.rules.ClearanceMatrix	curr_column	currColumn
app.freerouting.rules.Net	subnet_number	subnetNumber
app.freerouting.rules.Net	net_number	netNumber
app.freerouting.rules.Net	net_list	netList
app.freerouting.rules.Net	contains_plane	containsPlane
app.freerouting.rules.Net	net_class	netClass
app.freerouting.rules.Net	curr_item	currItem
app.freerouting.rules.Net	cumulative_trace_length	cumulativeTraceLength
app.freerouting.rules.Net	net_items	netItems
app.freerouting.rules.Net	via_count	viaCount
app.freerouting.rules.Net	terminal_items	terminalItems
app.freerouting.rules.Net	terminal_item_count	terminalItemCount
app.freerouting.rules.NetClass	clearance_matrix	clearanceMatrix
app.freerouting.rules.NetClass	board_layer_structure	boardLayerStructure
app.freerouting.rules.NetClass	trace_half_width_arr	traceHalfWidthArr
app.freerouting.rules.NetClass	active_routing_layer_arr	activeRoutingLayerArr
app.freerouting.rules.NetClass	default_item_clearance_classes	defaultItemClearanceClasses
app.freerouting.rules.NetClass	is_ignored_by_autorouter	isIgnoredByAutorouter
app.freerouting.rules.NetClass	via_rule	viaRule
app.freerouting.rules.NetClass	trace_clearance_class	traceClearanceClass
app.freerouting.rules.NetClass	shove_fixed	shoveFixed
app.freerouting.rules.NetClass	pull_tight	pullTight
app.freerouting.rules.NetClass	ignore_cycles_with_areas	ignoreCyclesWithAreas
app.freerouting.rules.NetClass	minimum_trace_length	minimumTraceLength
app.freerouting.rules.NetClass	maximum_trace_length	maximumTraceLength
app.freerouting.rules.NetClass	cl_name	clName
app.freerouting.rules.NetClass	compare_value	compareValue
app.freerouting.rules.NetClass	first_inner_layer_no	firstInnerLayerNo
app.freerouting.rules.NetClass	compare_width	compareWidth
app.freerouting.rules.NetClasses	class_arr	classArr
app.freerouting.rules.NetClasses	curr_class	currClass
app.freerouting.rules.NetClasses	new_class	newClass
app.freerouting.rules.NetClasses	new_name	newName
app.freerouting.rules.NetClasses	trace_widths_equal	traceWidthsEqual
app.freerouting.rules.Nets	net_arr	netArr
app.freerouting.rules.Nets	curr_net	currNet
app.freerouting.rules.Nets	net_name	netName
app.freerouting.rules.Nets	new_net_no	newNetNo
app.freerouting.rules.Nets	new_net	newNet
app.freerouting.rules.and	board_rules	boardRules
app.freerouting.rules.and	clearance_class	clearanceClass
app.freerouting.rules.and	attach_smd_allowed	attachSmdAllowed
app.freerouting.rules.and	curr_name	currName
app.freerouting.rules.ViaInfos	curr_via	currVia
app.freerouting.rules.ViaInfos	first_time	firstTime
app.freerouting.rules.ViaInfos	max_vias_per_row	maxViasPerRow
app.freerouting.rules.ViaRule	curr_info	currInfo
app.freerouting.rules.ViaRule	index_1	index1
app.freerouting.rules.ViaRule	index_2	index2
app.freerouting.rules.ViaRule	first_time	firstTime
app.freerouting.rules.ViaRule	max_vias_per_row	maxViasPerRow
app.freerouting.settings.ApiServerSettings	cors_origins	corsOrigins
app.freerouting.settings.GlobalSettings	show_help_option	showHelpOption
app.freerouting.settings.GlobalSettings	drc_report_file	drcReportFile
app.freerouting.settings.GlobalSettings	design_session_filename	designSessionFilename
app.freerouting.settings.McpServerSettings	cors_origins	corsOrigins
app.freerouting.settings.RouterSettings	save_intermediate_stages	saveIntermediateStages
app.freerouting.settings.RouterSettings	trace_pull_tight_accuracy	tracePullTightAccuracy
app.freerouting.settings.RouterSettings	vias_allowed	viasAllowed
app.freerouting.settings.RouterSettings	automatic_neckdown	automaticNeckdown
app.freerouting.settings.RouterSettings	horizontal_width	horizontalWidth
app.freerouting.settings.RouterSettings	vertical_width	verticalWidth
app.freerouting.settings.RouterSettings	layer_count	layerCount
app.freerouting.settings.RouterSettings	horizontal_add_costs_against_preferred_dir	horizontalAddCostsAgainstPreferredDir
app.freerouting.settings.RouterSettings	vertical_add_costs_against_preferred_dir	verticalAddCostsAgainstPreferredDir
app.freerouting.settings.RouterSettings	curr_preferred_direction_is_horizontal	currPreferredDirectionIsHorizontal
app.freerouting.settings.RouterSettings	signal_layer_count	signalLayerCount
app.freerouting.settings.RouterSettings	outer_add_costs	outerAddCosts
