case,current_violations,current_unconnected,current_score,v19_violations,v19_unconnected,v19_score,status
Issue508-DAC2020_bm02,0,0,999.99169921875,0,0,999.9925537109375,regression
Issue508-DAC2020_bm02,0,0,999.9913940429688,0,0,999.9925537109375,regression
Issue508-DAC2020_bm02,0,0,999.9911499023438,0,0,999.9925537109375,regression
Issue508-DAC2020_bm02,0,0,999.99169921875,0,0,999.9925537109375,regression
Issue508-DAC2020_bm02,0,0,999.9913940429688,0,0,999.9925537109375,regression
Issue508-DAC2020_bm02,0,0,999.99365234375,0,0,999.9939575195312,regression
